Manager;Teamwert;Gesamtpunkte;letzte Punkte;Datum
Thomas;74930000;0;0;15.06.2025
Alfons;63700000;0;0;15.06.2025
Christoph;60990000;0;0;15.06.2025
Pascal;56150000;0;0;15.06.2025
Andreas;55660000;0;0;15.06.2025
Dominik;54110000;0;0;15.06.2025
Nico;47630000;0;0;15.06.2025
Christian;40110000;0;0;15.06.2025
Thomas;69460000;0;0;16.06.2025
Dominik;62750000;0;0;16.06.2025
Alfons;61410000;0;0;16.06.2025
Pascal;55580000;0;0;16.06.2025
Andreas;54060000;0;0;16.06.2025
Christoph;51570000;0;0;16.06.2025
Christian;38590000;0;0;16.06.2025
Nico;36810000;0;0;16.06.2025
Thomas;68830000;0;0;17.06.2025
Dominik;63680000;0;0;17.06.2025
Alfons;61550000;0;0;17.06.2025
Pascal;60250000;0;0;17.06.2025
Andreas;53290000;0;0;17.06.2025
Christoph;51810000;0;0;17.06.2025
Christian;39020000;0;0;17.06.2025
Nico;37000000;0;0;17.06.2025
Thomas;67460000;0;0;18.06.2025
Dominik;62320000;0;0;18.06.2025
Alfons;60140000;0;0;18.06.2025
Andreas;57410000;0;0;18.06.2025
Pascal;54070000;0;0;18.06.2025
Christoph;52650000;0;0;18.06.2025
Christian;37430000;0;0;18.06.2025
Nico;35810000;0;0;18.06.2025
Thomas;66460000;0;0;19.06.2025
Dominik;65410000;0;0;19.06.2025
Alfons;59930000;0;0;19.06.2025
Andreas;57460000;0;0;19.06.2025
Pascal;54490000;0;0;19.06.2025
Christoph;53650000;0;0;19.06.2025
Christian;37540000;0;0;19.06.2025
Nico;36220000;0;0;19.06.2025
Dominik;64660000;0;0;20.06.2025
Thomas;64020000;0;0;20.06.2025
Christoph;58190000;0;0;20.06.2025
Alfons;56900000;0;0;20.06.2025
Andreas;54800000;0;0;20.06.2025
Pascal;51690000;0;0;20.06.2025
Nico;35590000;0;0;20.06.2025
Christian;33490000;0;0;20.06.2025
Thomas;64050000;0;0;21.06.2025
Dominik;63830000;0;0;21.06.2025
Alfons;57070000;0;0;21.06.2025
Christoph;53340000;0;0;21.06.2025
Andreas;53170000;0;0;21.06.2025
Pascal;53120000;0;0;21.06.2025
Nico;35530000;0;0;21.06.2025
Christian;33740000;0;0;21.06.2025
Dominik;64490000;0;0;22.06.2025
Thomas;61320000;0;0;22.06.2025
Christoph;57700000;0;0;22.06.2025
Alfons;55430000;0;0;22.06.2025
Pascal;53710000;0;0;22.06.2025
Andreas;52940000;0;0;22.06.2025
Nico;37440000;0;0;22.06.2025
Christian;31540000;0;0;22.06.2025
Dominik;62810000;0;0;23.06.2025
Nico;57210000;0;0;23.06.2025
Thomas;56820000;0;0;23.06.2025
Christoph;56710000;0;0;23.06.2025
Alfons;56700000;0;0;23.06.2025
Andreas;54380000;0;0;23.06.2025
Pascal;53080000;0;0;23.06.2025
Christian;32030000;0;0;23.06.2025
Dominik;61380000;0;0;24.06.2025
Pascal;57270000;0;0;24.06.2025
Christoph;56670000;0;0;24.06.2025
Thomas;56270000;0;0;24.06.2025
Nico;55330000;0;0;24.06.2025
Alfons;55280000;0;0;24.06.2025
Andreas;54010000;0;0;24.06.2025
Christian;32090000;0;0;24.06.2025
Thomas;64010000;0;0;25.06.2025
Dominik;62330000;0;0;25.06.2025
Pascal;57410000;0;0;25.06.2025
Nico;56310000;0;0;25.06.2025
Alfons;55850000;0;0;25.06.2025
Christoph;54920000;0;0;25.06.2025
Andreas;54430000;0;0;25.06.2025
Christian;32090000;0;0;25.06.2025
Dominik;59740000;0;0;26.06.2025
Pascal;55070000;0;0;26.06.2025
Alfons;53800000;0;0;26.06.2025
Nico;53760000;0;0;26.06.2025
Thomas;53210000;0;0;26.06.2025
Christoph;52580000;0;0;26.06.2025
Andreas;50670000;0;0;26.06.2025
Christian;31270000;0;0;26.06.2025
Dominik;59180000;0;0;27.06.2025
Andreas;54710000;0;0;27.06.2025
Pascal;54690000;0;0;27.06.2025
Nico;54420000;0;0;27.06.2025
Alfons;54130000;0;0;27.06.2025
Christoph;53120000;0;0;27.06.2025
Thomas;52050000;0;0;27.06.2025
Christian;31700000;0;0;27.06.2025
Dominik;56880000;0;0;28.06.2025
Nico;53810000;0;0;28.06.2025
Pascal;53120000;0;0;28.06.2025
Andreas;52750000;0;0;28.06.2025
Alfons;52510000;0;0;28.06.2025
Thomas;52240000;0;0;28.06.2025
Christoph;50730000;0;0;28.06.2025
Christian;32690000;0;0;28.06.2025
Thomas;57960000;0;0;29.06.2025
Dominik;56590000;0;0;29.06.2025
Nico;53330000;0;0;29.06.2025
Pascal;52330000;0;0;29.06.2025
Alfons;52320000;0;0;29.06.2025
Andreas;51940000;0;0;29.06.2025
Christoph;46940000;0;0;29.06.2025
Christian;32660000;0;0;29.06.2025
Thomas;57770000;0;0;30.06.2025
Dominik;56050000;0;0;30.06.2025
Alfons;53540000;0;0;30.06.2025
Nico;53150000;0;0;30.06.2025
Pascal;51790000;0;0;30.06.2025
Andreas;51170000;0;0;30.06.2025
Christoph;50760000;0;0;30.06.2025
Christian;31990000;0;0;30.06.2025
Thomas;58730000;0;0;01.07.2025
Dominik;56610000;0;0;01.07.2025
Alfons;55540000;0;0;01.07.2025
Nico;53570000;0;0;01.07.2025
Pascal;52670000;0;0;01.07.2025
Andreas;52070000;0;0;01.07.2025
Christoph;51150000;0;0;01.07.2025
Christian;32460000;0;0;01.07.2025
Thomas;57960000;0;0;02.07.2025
Dominik;56940000;0;0;02.07.2025
Alfons;53360000;0;0;02.07.2025
Pascal;53170000;0;0;02.07.2025
Nico;52590000;0;0;02.07.2025
Andreas;52090000;0;0;02.07.2025
Christoph;49680000;0;0;02.07.2025
Christian;31470000;0;0;02.07.2025
Thomas;63340000;0;0;04.07.2025
Nico;57450000;0;0;04.07.2025
Dominik;57220000;0;0;04.07.2025
Pascal;52980000;0;0;04.07.2025
Alfons;52860000;0;0;04.07.2025
Andreas;51350000;0;0;04.07.2025
Christoph;50170000;0;0;04.07.2025
Christian;31940000;0;0;04.07.2025
Thomas;64080000;0;0;05.07.2025
Dominik;56870000;0;0;05.07.2025
Nico;56130000;0;0;05.07.2025
Alfons;54530000;0;0;05.07.2025
Pascal;53450000;0;0;05.07.2025
Andreas;51290000;0;0;05.07.2025
Christoph;50780000;0;0;05.07.2025
Christian;32450000;0;0;05.07.2025
Thomas;57940000;0;0;06.07.2025
Nico;56860000;0;0;06.07.2025
Dominik;55070000;0;0;06.07.2025
Alfons;53800000;0;0;06.07.2025
Pascal;51370000;0;0;06.07.2025
Andreas;50480000;0;0;06.07.2025
Christoph;50270000;0;0;06.07.2025
Christian;31710000;0;0;06.07.2025
Nico;58250000;0;0;07.07.2025
Thomas;57400000;0;0;07.07.2025
Dominik;55720000;0;0;07.07.2025
Alfons;53660000;0;0;07.07.2025
Pascal;52990000;0;0;07.07.2025
Christoph;51400000;0;0;07.07.2025
Andreas;51300000;0;0;07.07.2025
Christian;31940000;0;0;07.07.2025
Thomas;60440000;0;0;08.07.2025
Nico;57830000;0;0;08.07.2025
Dominik;54110000;0;0;08.07.2025
Alfons;51590000;0;0;08.07.2025
Pascal;51580000;0;0;08.07.2025
Andreas;50640000;0;0;08.07.2025
Christoph;50590000;0;0;08.07.2025
Christian;30570000;0;0;08.07.2025
Thomas;61480000;0;0;09.07.2025
Nico;58080000;0;0;09.07.2025
Dominik;54930000;0;0;09.07.2025
Alfons;52960000;0;0;09.07.2025
Pascal;51290000;0;0;09.07.2025
Andreas;51140000;0;0;09.07.2025
Christoph;39550000;0;0;09.07.2025
Christian;31250000;0;0;09.07.2025
Thomas;58930000;0;0;10.07.2025
Nico;55790000;0;0;10.07.2025
Dominik;53480000;0;0;10.07.2025
Alfons;51280000;0;0;10.07.2025
Pascal;50080000;0;0;10.07.2025
Andreas;49800000;0;0;10.07.2025
Christoph;49320000;0;0;10.07.2025
Christian;30300000;0;0;10.07.2025
Thomas;61790000;0;0;11.07.2025
Nico;57690000;0;0;11.07.2025
Dominik;54200000;0;0;11.07.2025
Alfons;51610000;0;0;11.07.2025
Pascal;50830000;0;0;11.07.2025
Andreas;50790000;0;0;11.07.2025
Christoph;48560000;0;0;11.07.2025
Christian;30460000;0;0;11.07.2025
Thomas;61210000;0;0;12.07.2025
Nico;56190000;0;0;12.07.2025
Dominik;53560000;0;0;12.07.2025
Pascal;50580000;0;0;12.07.2025
Christoph;50280000;0;0;12.07.2025
Alfons;50140000;0;0;12.07.2025
Andreas;48690000;0;0;12.07.2025
Christian;31000000;0;0;12.07.2025
Thomas;61430000;0;0;13.07.2025
Nico;57180000;0;0;13.07.2025
Dominik;54700000;0;0;13.07.2025
Christoph;51570000;0;0;13.07.2025
Alfons;51430000;0;0;13.07.2025
Andreas;49340000;0;0;13.07.2025
Pascal;41800000;0;0;13.07.2025
Christian;32030000;0;0;13.07.2025
Thomas;59300000;0;0;14.07.2025
Nico;54800000;0;0;14.07.2025
Christoph;51380000;0;0;14.07.2025
Dominik;50160000;0;0;14.07.2025
Alfons;49080000;0;0;14.07.2025
Andreas;48070000;0;0;14.07.2025
Pascal;40530000;0;0;14.07.2025
Christian;32550000;0;0;14.07.2025
Thomas;59730000;0;0;15.07.2025
Nico;56910000;0;0;15.07.2025
Dominik;50370000;0;0;15.07.2025
Alfons;49830000;0;0;15.07.2025
Andreas;48920000;0;0;15.07.2025
Christoph;46950000;0;0;15.07.2025
Pascal;41220000;0;0;15.07.2025
Christian;33660000;0;0;15.07.2025
Thomas;58800000;0;0;16.07.2025
Nico;55570000;0;0;16.07.2025
Christoph;50630000;0;0;16.07.2025
Dominik;49690000;0;0;16.07.2025
Andreas;48170000;0;0;16.07.2025
Alfons;48060000;0;0;16.07.2025
Pascal;41650000;0;0;16.07.2025
Christian;33670000;0;0;16.07.2025
Thomas;60150000;0;0;17.07.2025
Nico;56380000;0;0;17.07.2025
Andreas;48580000;0;0;17.07.2025
Dominik;48230000;0;0;17.07.2025
Alfons;47090000;0;0;17.07.2025
Christoph;44800000;0;0;17.07.2025
Pascal;42080000;0;0;17.07.2025
Christian;34070000;0;0;17.07.2025
Thomas;59360000;0;0;18.07.2025
Nico;54180000;0;0;18.07.2025
Dominik;47530000;0;0;18.07.2025
Pascal;47000000;0;0;18.07.2025
Andreas;46940000;0;0;18.07.2025
Alfons;46070000;0;0;18.07.2025
Christoph;34830000;0;0;18.07.2025
Christian;33330000;0;0;18.07.2025
Thomas;61240000;0;0;19.07.2025
Nico;54950000;0;0;19.07.2025
Dominik;48010000;0;0;19.07.2025
Andreas;47820000;0;0;19.07.2025
Alfons;47020000;0;0;19.07.2025
Pascal;45740000;0;0;19.07.2025
Christoph;42470000;0;0;19.07.2025
Christian;33230000;0;0;19.07.2025
Thomas;58900000;0;0;20.07.2025
Nico;51880000;0;0;20.07.2025
Andreas;46700000;0;0;20.07.2025
Alfons;45540000;0;0;20.07.2025
Pascal;45270000;0;0;20.07.2025
Dominik;43590000;0;0;20.07.2025
Christoph;42850000;0;0;20.07.2025
Christian;32760000;0;0;20.07.2025
Thomas;59850000;0;0;21.07.2025
Nico;52440000;0;0;21.07.2025
Dominik;47860000;0;0;21.07.2025
Andreas;47600000;0;0;21.07.2025
Pascal;46480000;0;0;21.07.2025
Alfons;46130000;0;0;21.07.2025
Christoph;37720000;0;0;21.07.2025
Christian;32660000;0;0;21.07.2025
Thomas;58440000;0;0;22.07.2025
Nico;51170000;0;0;22.07.2025
Andreas;47380000;0;0;22.07.2025
Dominik;47370000;0;0;22.07.2025
Alfons;45580000;0;0;22.07.2025
Pascal;45100000;0;0;22.07.2025
Christoph;44420000;0;0;22.07.2025
Christian;32400000;0;0;22.07.2025
Thomas;58880000;0;0;23.07.2025
Nico;53020000;0;0;23.07.2025
Dominik;47730000;0;0;23.07.2025
Andreas;47560000;0;0;23.07.2025
Pascal;46740000;0;0;23.07.2025
Alfons;45460000;0;0;23.07.2025
Christoph;45220000;0;0;23.07.2025
Christian;32180000;0;0;23.07.2025
Thomas;59520000;0;0;24.07.2025
Nico;52540000;0;0;24.07.2025
Andreas;48060000;0;0;24.07.2025
Dominik;48000000;0;0;24.07.2025
Pascal;46710000;0;0;24.07.2025
Alfons;44190000;0;0;24.07.2025
Christoph;38710000;0;0;24.07.2025
Christian;23870000;0;0;24.07.2025
Thomas;61820000;0;0;25.07.2025
Nico;52180000;0;0;25.07.2025
Andreas;48320000;0;0;25.07.2025
Pascal;47230000;0;0;25.07.2025
Alfons;44960000;0;0;25.07.2025
Dominik;43430000;0;0;25.07.2025
Christoph;39280000;0;0;25.07.2025
Christian;24390000;0;0;25.07.2025
Thomas;61460000;0;0;26.07.2025
Nico;52280000;0;0;26.07.2025
Andreas;48540000;0;0;26.07.2025
Pascal;46920000;0;0;26.07.2025
Alfons;44710000;0;0;26.07.2025
Christoph;43220000;0;0;26.07.2025
Dominik;42320000;0;0;26.07.2025
Christian;24230000;0;0;26.07.2025
Thomas;61340000;0;0;27.07.2025
Nico;53750000;0;0;27.07.2025
Pascal;47520000;0;0;27.07.2025
Andreas;45580000;0;0;27.07.2025
Alfons;44900000;0;0;27.07.2025
Christoph;44490000;0;0;27.07.2025
Dominik;42460000;0;0;27.07.2025
Christian;31450000;0;0;27.07.2025
Thomas;56380000;0;0;28.07.2025
Nico;53880000;0;0;28.07.2025
Pascal;47230000;0;0;28.07.2025
Andreas;45580000;0;0;28.07.2025
Alfons;45070000;0;0;28.07.2025
Christoph;44170000;0;0;28.07.2025
Christian;31150000;0;0;28.07.2025
Dominik;26220000;0;0;28.07.2025
Nico;53970000;0;0;29.07.2025
Thomas;52620000;0;0;29.07.2025
Pascal;47490000;0;0;29.07.2025
Andreas;46410000;0;0;29.07.2025
Alfons;45690000;0;0;29.07.2025
Christoph;45270000;0;0;29.07.2025
Christian;31660000;0;0;29.07.2025
Dominik;26810000;0;0;29.07.2025
Thomas;59180000;0;0;30.07.2025
Nico;53140000;0;0;30.07.2025
Andreas;47490000;0;0;30.07.2025
Alfons;45460000;0;0;30.07.2025
Christoph;44680000;0;0;30.07.2025
Pascal;39300000;0;0;30.07.2025
Dominik;36970000;0;0;30.07.2025
Christian;31320000;0;0;30.07.2025
Thomas;63290000;0;0;31.07.2025
Nico;54740000;0;0;31.07.2025
Andreas;48500000;0;0;31.07.2025
Dominik;46480000;0;0;31.07.2025
Alfons;45950000;0;0;31.07.2025
Christoph;45290000;0;0;31.07.2025
Pascal;40410000;0;0;31.07.2025
Christian;31650000;0;0;31.07.2025
Thomas;62040000;0;0;01.08.2025
Nico;55220000;0;0;01.08.2025
Dominik;49250000;0;0;01.08.2025
Andreas;48330000;0;0;01.08.2025
Alfons;46750000;0;0;01.08.2025
Christoph;46080000;0;0;01.08.2025
Pascal;40440000;0;0;01.08.2025
Christian;31290000;0;0;01.08.2025
Thomas;61220000;0;0;02.08.2025
Nico;55960000;0;0;02.08.2025
Andreas;50430000;0;0;02.08.2025
Christoph;49540000;0;0;02.08.2025
Alfons;47560000;0;0;02.08.2025
Pascal;42020000;0;0;02.08.2025
Dominik;33830000;0;0;02.08.2025
Christian;32090000;0;0;02.08.2025
Thomas;60410000;0;0;03.08.2025
Andreas;51250000;0;0;03.08.2025
Christoph;50260000;0;0;03.08.2025
Nico;50160000;0;0;03.08.2025
Alfons;49600000;0;0;03.08.2025
Pascal;42840000;0;0;03.08.2025
Dominik;38500000;0;0;03.08.2025
Christian;31850000;0;0;03.08.2025
Thomas;64690000;0;0;04.08.2025
Alfons;51520000;0;0;04.08.2025
Andreas;51110000;0;0;04.08.2025
Nico;49280000;0;0;04.08.2025
Christoph;45910000;0;0;04.08.2025
Pascal;43820000;0;0;04.08.2025
Dominik;40970000;0;0;04.08.2025
Christian;32160000;0;0;04.08.2025
Thomas;64700000;0;0;05.08.2025
Nico;54400000;0;0;05.08.2025
Andreas;50500000;0;0;05.08.2025
Alfons;50380000;0;0;05.08.2025
Christoph;46210000;0;0;05.08.2025
Pascal;44510000;0;0;05.08.2025
Dominik;38270000;0;0;05.08.2025
Christian;31920000;0;0;05.08.2025
Thomas;66940000;0;0;06.08.2025
Nico;55700000;0;0;06.08.2025
Alfons;52500000;0;0;06.08.2025
Andreas;51290000;0;0;06.08.2025
Christoph;45840000;0;0;06.08.2025
Pascal;45210000;0;0;06.08.2025
Christian;32430000;0;0;06.08.2025
Dominik;30180000;0;0;06.08.2025
Thomas;70110000;0;0;07.08.2025
Alfons;54590000;0;0;07.08.2025
Nico;53930000;0;0;07.08.2025
Andreas;51620000;0;0;07.08.2025
Christoph;48540000;0;0;07.08.2025
Pascal;45140000;0;0;07.08.2025
Dominik;41090000;0;0;07.08.2025
Christian;32440000;0;0;07.08.2025
Thomas;71120000;0;0;08.08.2025
Nico;55300000;0;0;08.08.2025
Alfons;54950000;0;0;08.08.2025
Andreas;51960000;0;0;08.08.2025
Christoph;47190000;0;0;08.08.2025
Pascal;45940000;0;0;08.08.2025
Christian;33390000;0;0;08.08.2025
Dominik;31320000;0;0;08.08.2025
Thomas;70720000;0;0;09.08.2025
Christoph;59450000;0;0;09.08.2025
Alfons;55570000;0;0;09.08.2025
Nico;51510000;0;0;09.08.2025
Andreas;50790000;0;0;09.08.2025
Pascal;44850000;0;0;09.08.2025
Christian;33990000;0;0;09.08.2025
Dominik;31610000;0;0;09.08.2025
Thomas;72150000;0;0;10.08.2025
Christoph;56020000;0;0;10.08.2025
Alfons;55980000;0;0;10.08.2025
Pascal;52950000;0;0;10.08.2025
Nico;52270000;0;0;10.08.2025
Andreas;51950000;0;0;10.08.2025
Dominik;34730000;0;0;10.08.2025
Christian;34160000;0;0;10.08.2025
Thomas;63000000;0;0;11.08.2025
Christoph;59090000;0;0;11.08.2025
Pascal;53250000;0;0;11.08.2025
Andreas;52640000;0;0;11.08.2025
Alfons;52400000;0;0;11.08.2025
Nico;52210000;0;0;11.08.2025
Dominik;39760000;0;0;11.08.2025
Christian;34480000;0;0;11.08.2025
Thomas;58070000;0;0;12.08.2025
Alfons;55370000;0;0;12.08.2025
Andreas;52020000;0;0;12.08.2025
Nico;51470000;0;0;12.08.2025
Christoph;46340000;0;0;12.08.2025
Pascal;45770000;0;0;12.08.2025
Dominik;43080000;0;0;12.08.2025
Christian;35190000;0;0;12.08.2025
Thomas;61520000;0;0;13.08.2025
Alfons;55620000;0;0;13.08.2025
Nico;52320000;0;0;13.08.2025
Andreas;52170000;0;0;13.08.2025
Dominik;46330000;0;0;13.08.2025
Christoph;46070000;0;0;13.08.2025
Pascal;45260000;0;0;13.08.2025
Christian;36670000;0;0;13.08.2025
Thomas;60180000;0;0;14.08.2025
Alfons;56230000;0;0;14.08.2025
Andreas;52440000;0;0;14.08.2025
Nico;47010000;0;0;14.08.2025
Christoph;46910000;0;0;14.08.2025
Pascal;45330000;0;0;14.08.2025
Dominik;43800000;0;0;14.08.2025
Christian;36650000;0;0;14.08.2025
Thomas;56300000;0;0;15.08.2025
Alfons;56220000;0;0;15.08.2025
Andreas;52970000;0;0;15.08.2025
Dominik;47610000;0;0;15.08.2025
Christoph;47320000;0;0;15.08.2025
Nico;47320000;0;0;15.08.2025
Pascal;45530000;0;0;15.08.2025
Christian;36810000;0;0;15.08.2025
Alfons;58510000;0;0;16.08.2025
Thomas;56140000;0;0;16.08.2025
Christoph;51350000;0;0;16.08.2025
Andreas;49480000;0;0;16.08.2025
Nico;46750000;0;0;16.08.2025
Dominik;45210000;0;0;16.08.2025
Pascal;45190000;0;0;16.08.2025
Christian;37310000;0;0;16.08.2025
Thomas;62690000;0;0;17.08.2025
Alfons;58590000;0;0;17.08.2025
Christoph;51650000;0;0;17.08.2025
Andreas;49410000;0;0;17.08.2025
Nico;46900000;0;0;17.08.2025
Dominik;44960000;0;0;17.08.2025
Pascal;44820000;0;0;17.08.2025
Christian;37150000;0;0;17.08.2025
Thomas;64300000;0;0;18.08.2025
Alfons;57740000;0;0;18.08.2025
Christoph;52250000;0;0;18.08.2025
Andreas;51070000;0;0;18.08.2025
Nico;48340000;0;0;18.08.2025
Dominik;46130000;0;0;18.08.2025
Pascal;44790000;0;0;18.08.2025
Christian;38030000;0;0;18.08.2025
Thomas;64800000;0;0;19.08.2025
Alfons;57600000;0;0;19.08.2025
Dominik;52930000;0;0;19.08.2025
Andreas;51600000;0;0;19.08.2025
Christoph;49420000;0;0;19.08.2025
Nico;48650000;0;0;19.08.2025
Pascal;44600000;0;0;19.08.2025
Christian;38600000;0;0;19.08.2025
Thomas;66200000;0;0;20.08.2025
Alfons;55730000;0;0;20.08.2025
Dominik;53200000;0;0;20.08.2025
Nico;52970000;0;0;20.08.2025
Andreas;51240000;0;0;20.08.2025
Christoph;49590000;0;0;20.08.2025
Pascal;44410000;0;0;20.08.2025
Christian;39190000;0;0;20.08.2025
Alfons;58260000;0;0;21.08.2025
Thomas;57710000;0;0;21.08.2025
Andreas;51330000;0;0;21.08.2025
Christoph;50250000;0;0;21.08.2025
Nico;47860000;0;0;21.08.2025
Dominik;47140000;0;0;21.08.2025
Pascal;44400000;0;0;21.08.2025
Christian;39170000;0;0;21.08.2025
Thomas;58410000;0;0;22.08.2025
Andreas;51010000;0;0;22.08.2025
Alfons;51010000;0;0;22.08.2025
Christoph;50860000;0;0;22.08.2025
Dominik;47340000;0;0;22.08.2025
Nico;46240000;0;0;22.08.2025
Pascal;43800000;0;0;22.08.2025
Christian;39250000;0;0;22.08.2025
Thomas;60090000;0;0;23.08.2025
Alfons;53430000;0;0;23.08.2025
Christoph;51040000;0;0;23.08.2025
Andreas;50670000;0;0;23.08.2025
Nico;47520000;0;0;23.08.2025
Pascal;43170000;0;0;23.08.2025
Dominik;39290000;0;0;23.08.2025
Christian;38670000;0;0;23.08.2025
Andreas;51330000;58;58;24.08.2025
Thomas;53890000;48;48;24.08.2025
Nico;49100000;48;48;24.08.2025
Dominik;59570000;47;47;24.08.2025
Christoph;50420000;34;34;24.08.2025
Christian;38910000;32;32;24.08.2025
Alfons;51270000;27;27;24.08.2025
Pascal;42430000;18;18;24.08.2025
Andreas;51030000;58;58;25.08.2025
Thomas;54200000;48;48;25.08.2025
Nico;54190000;48;48;25.08.2025
Dominik;53520000;47;47;25.08.2025
Christoph;50160000;34;34;25.08.2025
Christian;37910000;32;32;25.08.2025
Alfons;54240000;27;27;25.08.2025
Pascal;41940000;18;18;25.08.2025
Andreas;52110000;58;58;26.08.2025
Thomas;56100000;48;48;26.08.2025
Nico;55580000;48;48;26.08.2025
Dominik;59310000;47;47;26.08.2025
Christoph;51250000;34;34;26.08.2025
Christian;40150000;32;32;26.08.2025
Alfons;64900000;27;27;26.08.2025
Pascal;42640000;18;18;26.08.2025
Andreas;52680000;58;58;27.08.2025
Thomas;71440000;48;48;27.08.2025
Nico;57140000;48;48;27.08.2025
Dominik;56780000;47;47;27.08.2025
Christoph;51420000;34;34;27.08.2025
Christian;40340000;32;32;27.08.2025
Alfons;65920000;27;27;27.08.2025
Pascal;42680000;18;18;27.08.2025
Andreas;53300000;58;58;28.08.2025
Thomas;75450000;48;48;28.08.2025
Nico;58010000;48;48;28.08.2025
Dominik;55490000;47;47;28.08.2025
Christoph;50010000;34;34;28.08.2025
Christian;39770000;32;32;28.08.2025
Alfons;67830000;27;27;28.08.2025
Pascal;43030000;18;18;28.08.2025
Andreas;48340000;58;58;29.08.2025
Thomas;64910000;48;48;29.08.2025
Nico;52550000;48;48;29.08.2025
Dominik;28990000;47;47;29.08.2025
Christoph;51640000;34;34;29.08.2025
Christian;40060000;32;32;29.08.2025
Alfons;54910000;27;27;29.08.2025
Pascal;42610000;18;18;29.08.2025
Andreas;49050000;58;58;30.08.2025
Thomas;68330000;48;48;30.08.2025
Nico;53030000;48;48;30.08.2025
Dominik;35970000;47;47;30.08.2025
Christoph;52890000;34;34;30.08.2025
Christian;40650000;32;32;30.08.2025
Alfons;60410000;27;27;30.08.2025
Pascal;42690000;18;18;30.08.2025
Andreas;54360000;58;58;31.08.2025
Thomas;69170000;48;48;31.08.2025
Nico;53850000;48;48;31.08.2025
Dominik;42660000;47;47;31.08.2025
Christoph;57140000;34;34;31.08.2025
Christian;41060000;32;32;31.08.2025
Alfons;69000000;27;27;31.08.2025
Pascal;43130000;18;18;31.08.2025
Thomas;76020000;96;48;01.09.2025
Christoph;51520000;92;58;01.09.2025
Andreas;55320000;91;33;01.09.2025
Dominik;45050000;90;43;01.09.2025
Nico;53960000;76;28;01.09.2025
Alfons;63490000;70;43;01.09.2025
Christian;41120000;58;26;01.09.2025
Pascal;43020000;45;27;01.09.2025
Thomas;84860000;96;48;02.09.2025
Christoph;51810000;92;58;02.09.2025
Andreas;53200000;91;33;02.09.2025
Dominik;47120000;90;43;02.09.2025
Nico;47260000;76;28;02.09.2025
Alfons;60780000;70;43;02.09.2025
Christian;40960000;58;26;02.09.2025
Pascal;44160000;45;27;02.09.2025
Thomas;75580000;96;48;03.09.2025
Christoph;52100000;92;58;03.09.2025
Andreas;53670000;91;33;03.09.2025
Dominik;52730000;90;43;03.09.2025
Nico;47380000;76;28;03.09.2025
Alfons;60890000;70;43;03.09.2025
Christian;40550000;58;26;03.09.2025
Pascal;44140000;45;27;03.09.2025
Thomas;81200000;96;48;04.09.2025
Christoph;51960000;92;58;04.09.2025
Andreas;52510000;91;33;04.09.2025
Dominik;52800000;90;43;04.09.2025
Nico;52430000;76;28;04.09.2025
Alfons;64980000;70;43;04.09.2025
Christian;39470000;58;26;04.09.2025
Pascal;43360000;45;27;04.09.2025
Thomas;84480000;96;48;05.09.2025
Christoph;53880000;92;58;05.09.2025
Andreas;52570000;91;33;05.09.2025
Dominik;63960000;90;43;05.09.2025
Nico;52670000;76;28;05.09.2025
Alfons;67810000;70;43;05.09.2025
Christian;34060000;58;26;05.09.2025
Pascal;44480000;45;27;05.09.2025
Thomas;86960000;96;48;06.09.2025
Christoph;57740000;92;58;06.09.2025
Andreas;51990000;91;33;06.09.2025
Dominik;59360000;90;43;06.09.2025
Nico;52240000;76;28;06.09.2025
Alfons;74600000;70;43;06.09.2025
Christian;34180000;58;26;06.09.2025
Pascal;44660000;45;27;06.09.2025
Thomas;90550000;96;48;07.09.2025
Christoph;58510000;92;58;07.09.2025
Andreas;52850000;91;33;07.09.2025
Dominik;59510000;90;43;07.09.2025
Nico;56730000;76;28;07.09.2025
Alfons;76920000;70;43;07.09.2025
Christian;36160000;58;26;07.09.2025
Pascal;45200000;45;27;07.09.2025
Thomas;81330000;96;48;08.09.2025
Christoph;58700000;92;58;08.09.2025
Andreas;52440000;91;33;08.09.2025
Dominik;75430000;90;43;08.09.2025
Nico;51550000;76;28;08.09.2025
Alfons;75070000;70;43;08.09.2025
Christian;37360000;58;26;08.09.2025
Pascal;44300000;45;27;08.09.2025
Thomas;91060000;96;48;09.09.2025
Christoph;59190000;92;58;09.09.2025
Andreas;52720000;91;33;09.09.2025
Dominik;56950000;90;43;09.09.2025
Nico;49220000;76;28;09.09.2025
Alfons;75960000;70;43;09.09.2025
Christian;37450000;58;26;09.09.2025
Pascal;43860000;45;27;09.09.2025
Thomas;89990000;96;48;10.09.2025
Christoph;60050000;92;58;10.09.2025
Andreas;52540000;91;33;10.09.2025
Dominik;56720000;90;43;10.09.2025
Nico;48310000;76;28;10.09.2025
Alfons;76090000;70;43;10.09.2025
Christian;37610000;58;26;10.09.2025
Pascal;43660000;45;27;10.09.2025
Thomas;79820000;96;48;11.09.2025
Christoph;60590000;92;58;11.09.2025
Andreas;53010000;91;33;11.09.2025
Dominik;57230000;90;43;11.09.2025
Nico;48580000;76;28;11.09.2025
Alfons;77230000;70;43;11.09.2025
Christian;38110000;58;26;11.09.2025
Pascal;43740000;45;27;11.09.2025
Thomas;79150000;96;48;12.09.2025
Christoph;60310000;92;58;12.09.2025
Andreas;51950000;91;33;12.09.2025
Dominik;63440000;90;43;12.09.2025
Nico;50110000;76;28;12.09.2025
Alfons;61440000;70;43;12.09.2025
Christian;37130000;58;26;12.09.2025
Pascal;41930000;45;27;12.09.2025
Thomas;81770000;96;48;13.09.2025
Christoph;60510000;92;58;13.09.2025
Andreas;51510000;91;33;13.09.2025
Dominik;64160000;90;43;13.09.2025
Nico;50500000;76;28;13.09.2025
Alfons;69710000;70;43;13.09.2025
Christian;38000000;58;26;13.09.2025
Pascal;42740000;45;27;13.09.2025
Thomas;83550000;168;72;14.09.2025
Dominik;67010000;129;39;14.09.2025
Christoph;59570000;122;30;14.09.2025
Andreas;48880000;116;25;14.09.2025
Alfons;75540000;112;42;14.09.2025
Nico;50330000;101;25;14.09.2025
Christian;37990000;75;17;14.09.2025
Pascal;43300000;71;26;14.09.2025
Thomas;85770000;168;72;15.09.2025
Dominik;61570000;129;39;15.09.2025
Christoph;59570000;122;30;15.09.2025
Andreas;53470000;116;25;15.09.2025
Alfons;70710000;112;42;15.09.2025
Nico;47780000;101;25;15.09.2025
Christian;37160000;75;17;15.09.2025
Pascal;43480000;71;26;15.09.2025
Thomas;87630000;168;72;16.09.2025
Dominik;62500000;129;39;16.09.2025
Christoph;59200000;122;30;16.09.2025
Andreas;52820000;116;25;16.09.2025
Alfons;54160000;112;42;16.09.2025
Nico;50260000;101;25;16.09.2025
Christian;37230000;75;17;16.09.2025
Pascal;43850000;71;26;16.09.2025
Thomas;90640000;168;72;17.09.2025
Dominik;69290000;129;39;17.09.2025
Christoph;60520000;122;30;17.09.2025
Andreas;54090000;116;25;17.09.2025
Alfons;65330000;112;42;17.09.2025
Nico;54820000;101;25;17.09.2025
Christian;38020000;75;17;17.09.2025
Pascal;44100000;71;26;17.09.2025
Thomas;91920000;168;72;18.09.2025
Dominik;69070000;129;39;18.09.2025
Christoph;57950000;122;30;18.09.2025
Andreas;53890000;116;25;18.09.2025
Alfons;65570000;112;42;18.09.2025
Nico;54320000;101;25;18.09.2025
Christian;39380000;75;17;18.09.2025
Pascal;43970000;71;26;18.09.2025
Thomas;90190000;168;72;19.09.2025
Dominik;69660000;129;39;19.09.2025
Christoph;58540000;122;30;19.09.2025
Andreas;54520000;116;25;19.09.2025
Alfons;59440000;112;42;19.09.2025
Nico;49640000;101;25;19.09.2025
Christian;40080000;75;17;19.09.2025
Pascal;43770000;71;26;19.09.2025
Thomas;91660000;168;72;20.09.2025
Dominik;70230000;129;39;20.09.2025
Christoph;57430000;122;30;20.09.2025
Andreas;55280000;116;25;20.09.2025
Alfons;62500000;112;42;20.09.2025
Nico;48050000;101;25;20.09.2025
Christian;40400000;75;17;20.09.2025
Pascal;43600000;71;26;20.09.2025
Thomas;93660000;168;72;21.09.2025
Dominik;69760000;129;39;21.09.2025
Christoph;57870000;122;30;21.09.2025
Andreas;55730000;116;25;21.09.2025
Alfons;61870000;112;42;21.09.2025
Nico;49870000;101;25;21.09.2025
Christian;39990000;75;17;21.09.2025
Pascal;43610000;71;26;21.09.2025
Thomas;87350000;216;48;22.09.2025
Dominik;74560000;177;48;22.09.2025
Christoph;58730000;177;55;22.09.2025
Andreas;59520000;161;45;22.09.2025
Alfons;60550000;149;37;22.09.2025
Nico;52130000;124;23;22.09.2025
Christian;39570000;109;34;22.09.2025
Pascal;38680000;100;29;22.09.2025
Thomas;76080000;216;48;23.09.2025
Dominik;73460000;177;48;23.09.2025
Christoph;62420000;177;55;23.09.2025
Andreas;57930000;161;45;23.09.2025
Alfons;63760000;149;37;23.09.2025
Nico;47470000;124;23;23.09.2025
Christian;41090000;109;34;23.09.2025
Pascal;45080000;100;29;23.09.2025
Thomas;83270000;216;48;24.09.2025
Dominik;76430000;177;48;24.09.2025
Christoph;62960000;177;55;24.09.2025
Andreas;59220000;161;45;24.09.2025
Alfons;67240000;149;37;24.09.2025
Nico;47210000;124;23;24.09.2025
Christian;41160000;109;34;24.09.2025
Pascal;45510000;100;29;24.09.2025
Thomas;93590000;216;48;25.09.2025
Dominik;66570000;177;48;25.09.2025
Christoph;65240000;177;55;25.09.2025
Andreas;60070000;161;45;25.09.2025
Alfons;72850000;149;37;25.09.2025
Nico;49860000;124;23;25.09.2025
Christian;38770000;109;34;25.09.2025
Pascal;45970000;100;29;25.09.2025
Thomas;90530000;216;48;26.09.2025
Dominik;65510000;177;48;26.09.2025
Christoph;63680000;177;55;26.09.2025
Andreas;58630000;161;45;26.09.2025
Alfons;69100000;149;37;26.09.2025
Nico;50100000;124;23;26.09.2025
Christian;37620000;109;34;26.09.2025
Pascal;46420000;100;29;26.09.2025
Thomas;95130000;216;48;27.09.2025
Christoph;64340000;177;55;27.09.2025
Dominik;54660000;177;48;27.09.2025
Andreas;59540000;161;45;27.09.2025
Alfons;74130000;149;37;27.09.2025
Nico;52940000;124;23;27.09.2025
Christian;38040000;109;34;27.09.2025
Pascal;46690000;100;29;27.09.2025
Thomas;87220000;216;48;28.09.2025
Christoph;54000000;177;55;28.09.2025
Dominik;47160000;177;48;28.09.2025
Andreas;59710000;161;45;28.09.2025
Alfons;80330000;149;37;28.09.2025
Nico;58000000;124;23;28.09.2025
Christian;39990000;109;34;28.09.2025
Pascal;46920000;100;29;28.09.2025
Thomas;102020000;282;66;29.09.2025
Dominik;52240000;212;35;29.09.2025
Christoph;54100000;210;33;29.09.2025
Andreas;59530000;200;39;29.09.2025
Alfons;76740000;194;45;29.09.2025
Christian;41090000;177;68;29.09.2025
Nico;60930000;147;23;29.09.2025
Pascal;47850000;133;33;29.09.2025
Thomas;103300000;282;66;30.09.2025
Dominik;53430000;212;35;30.09.2025
Christoph;64310000;210;33;30.09.2025
Andreas;60490000;200;39;30.09.2025
Alfons;78300000;194;45;30.09.2025
Christian;40930000;177;68;30.09.2025
Nico;54780000;147;23;30.09.2025
Pascal;48320000;133;33;30.09.2025
Thomas;110370000;282;66;01.10.2025
Dominik;58090000;212;35;01.10.2025
Christoph;64380000;210;33;01.10.2025
Andreas;61170000;200;39;01.10.2025
Alfons;82040000;194;45;01.10.2025
Christian;40200000;177;68;01.10.2025
Nico;55150000;147;23;01.10.2025
Pascal;47990000;133;33;01.10.2025
Thomas;106940000;282;66;02.10.2025
Dominik;58350000;212;35;02.10.2025
Christoph;64200000;210;33;02.10.2025
Andreas;59450000;200;39;02.10.2025
Alfons;90910000;194;45;02.10.2025
Christian;40580000;177;68;02.10.2025
Nico;54590000;147;23;02.10.2025
Pascal;46890000;133;33;02.10.2025
Thomas;96900000;282;66;03.10.2025
Dominik;58870000;212;35;03.10.2025
Christoph;63430000;210;33;03.10.2025
Andreas;59770000;200;39;03.10.2025
Alfons;76860000;194;45;03.10.2025
Christian;44550000;177;68;03.10.2025
Nico;49810000;147;23;03.10.2025
Pascal;47460000;133;33;03.10.2025
Thomas;99810000;282;66;04.10.2025
Dominik;55770000;212;35;04.10.2025
Christoph;63550000;210;33;04.10.2025
Andreas;60730000;200;39;04.10.2025
Alfons;86810000;194;45;04.10.2025
Christian;45280000;177;68;04.10.2025
Nico;51870000;147;23;04.10.2025
Pascal;47450000;133;33;04.10.2025
Thomas;98200000;282;66;05.10.2025
Dominik;60430000;212;35;05.10.2025
Christoph;64770000;210;33;05.10.2025
Andreas;60830000;200;39;05.10.2025
Alfons;90640000;194;45;05.10.2025
Christian;44090000;177;68;05.10.2025
Nico;49770000;147;23;05.10.2025
Pascal;47380000;133;33;05.10.2025
Thomas;86750000;330;48;06.10.2025
Alfons;88140000;256;62;06.10.2025
Christoph;66620000;256;46;06.10.2025
Dominik;62040000;253;41;06.10.2025
Andreas;61680000;249;49;06.10.2025
Christian;45240000;205;28;06.10.2025
Nico;46730000;170;23;06.10.2025
Pascal;47310000;159;26;06.10.2025
Thomas;86580000;330;48;07.10.2025
Alfons;78100000;256;62;07.10.2025
Christoph;68190000;256;46;07.10.2025
Dominik;83220000;253;41;07.10.2025
Andreas;57700000;249;49;07.10.2025
Christian;44780000;205;28;07.10.2025
Nico;46910000;170;23;07.10.2025
Pascal;47410000;159;26;07.10.2025
Thomas;87550000;330;48;08.10.2025
Alfons;81400000;256;62;08.10.2025
Christoph;65250000;256;46;08.10.2025
Dominik;83870000;253;41;08.10.2025
Andreas;58080000;249;49;08.10.2025
Christian;45450000;205;28;08.10.2025
Nico;46500000;170;23;08.10.2025
Pascal;47740000;159;26;08.10.2025
Thomas;87530000;330;48;09.10.2025
Alfons;71290000;256;62;09.10.2025
Christoph;64350000;256;46;09.10.2025
Dominik;73960000;253;41;09.10.2025
Andreas;71510000;249;49;09.10.2025
Christian;44560000;205;28;09.10.2025
Nico;45400000;170;23;09.10.2025
Pascal;46960000;159;26;09.10.2025
Thomas;96760000;330;48;10.10.2025
Alfons;89420000;256;62;10.10.2025
Christoph;64870000;256;46;10.10.2025
Dominik;58550000;253;41;10.10.2025
Andreas;71260000;249;49;10.10.2025
Christian;44110000;205;28;10.10.2025
Nico;46620000;170;23;10.10.2025
Pascal;47440000;159;26;10.10.2025
Thomas;114390000;330;48;11.10.2025
Alfons;89950000;256;62;11.10.2025
Christoph;64550000;256;46;11.10.2025
Dominik;65810000;253;41;11.10.2025
Andreas;70040000;249;49;11.10.2025
Christian;42610000;205;28;11.10.2025
Nico;46310000;170;23;11.10.2025
Pascal;45190000;159;26;11.10.2025
Thomas;110970000;330;48;12.10.2025
Alfons;87940000;256;62;12.10.2025
Christoph;66100000;256;46;12.10.2025
Dominik;66730000;253;41;12.10.2025
Andreas;71980000;249;49;12.10.2025
Christian;41650000;205;28;12.10.2025
Nico;48290000;170;23;12.10.2025
Pascal;44370000;159;26;12.10.2025
Thomas;111470000;330;48;13.10.2025
Alfons;86660000;256;62;13.10.2025
Christoph;66270000;256;46;13.10.2025
Dominik;66720000;253;41;13.10.2025
Andreas;71030000;249;49;13.10.2025
Christian;41010000;205;28;13.10.2025
Nico;46860000;170;23;13.10.2025
Pascal;44120000;159;26;13.10.2025
Thomas;118830000;330;48;14.10.2025
Alfons;86810000;256;62;14.10.2025
Christoph;66680000;256;46;14.10.2025
Dominik;68380000;253;41;14.10.2025
Andreas;71290000;249;49;14.10.2025
Christian;40370000;205;28;14.10.2025
Nico;48460000;170;23;14.10.2025
Pascal;43700000;159;26;14.10.2025
Thomas;97300000;330;48;15.10.2025
Alfons;98010000;256;62;15.10.2025
Christoph;67840000;256;46;15.10.2025
Dominik;69530000;253;41;15.10.2025
Andreas;71650000;249;49;15.10.2025
Christian;39690000;205;28;15.10.2025
Nico;48620000;170;23;15.10.2025
Pascal;44050000;159;26;15.10.2025
Thomas;94010000;330;48;16.10.2025
Alfons;97880000;256;62;16.10.2025
Christoph;65810000;256;46;16.10.2025
Dominik;66650000;253;41;16.10.2025
Andreas;76670000;249;49;16.10.2025
Christian;42470000;205;28;16.10.2025
Nico;47520000;170;23;16.10.2025
Pascal;42670000;159;26;16.10.2025
Thomas;95360000;330;48;17.10.2025
Alfons;77270000;256;62;17.10.2025
Christoph;65030000;256;46;17.10.2025
Dominik;73410000;253;41;17.10.2025
Andreas;66430000;249;49;17.10.2025
Christian;42660000;205;28;17.10.2025
Nico;44820000;170;23;17.10.2025
Pascal;41370000;159;26;17.10.2025
Thomas;93720000;330;48;18.10.2025
Christoph;65510000;256;46;18.10.2025
Alfons;62170000;256;62;18.10.2025
Dominik;69900000;253;41;18.10.2025
Andreas;66540000;249;49;18.10.2025
Christian;43600000;205;28;18.10.2025
Nico;44990000;170;23;18.10.2025
Pascal;41450000;159;26;18.10.2025
Thomas;92770000;330;48;19.10.2025
Christoph;67330000;256;46;19.10.2025
Alfons;66140000;256;62;19.10.2025
Dominik;61840000;253;41;19.10.2025
Andreas;66050000;249;49;19.10.2025
Christian;42080000;205;28;19.10.2025
Nico;44730000;170;23;19.10.2025
Pascal;40270000;159;26;19.10.2025
Thomas;95190000;370;40;20.10.2025
Christoph;67500000;322;66;20.10.2025
Dominik;63220000;303;50;20.10.2025
Andreas;66900000;299;50;20.10.2025
Alfons;78170000;298;42;20.10.2025
Christian;42220000;237;32;20.10.2025
Nico;45500000;226;56;20.10.2025
Pascal;39870000;196;37;20.10.2025
Thomas;92570000;370;40;21.10.2025
Christoph;68080000;322;66;21.10.2025
Dominik;67280000;303;50;21.10.2025
Andreas;66900000;299;50;21.10.2025
Alfons;77950000;298;42;21.10.2025
Christian;41110000;237;32;21.10.2025
Nico;46060000;226;56;21.10.2025
Pascal;40510000;196;37;21.10.2025
Thomas;102600000;370;40;22.10.2025
Christoph;70790000;322;66;22.10.2025
Dominik;68140000;303;50;22.10.2025
Andreas;67770000;299;50;22.10.2025
Alfons;76870000;298;42;22.10.2025
Christian;39650000;237;32;22.10.2025
Nico;47330000;226;56;22.10.2025
Pascal;41760000;196;37;22.10.2025
Thomas;104260000;370;40;23.10.2025
Christoph;71070000;322;66;23.10.2025
Dominik;76560000;303;50;23.10.2025
Andreas;67660000;299;50;23.10.2025
Alfons;70370000;298;42;23.10.2025
Christian;40380000;237;32;23.10.2025
Nico;45990000;226;56;23.10.2025
Pascal;41890000;196;37;23.10.2025
Thomas;88440000;370;40;24.10.2025
Christoph;70350000;322;66;24.10.2025
Dominik;78840000;303;50;24.10.2025
Andreas;65960000;299;50;24.10.2025
Alfons;66890000;298;42;24.10.2025
Christian;39310000;237;32;24.10.2025
Nico;45230000;226;56;24.10.2025
Pascal;40950000;196;37;24.10.2025
Thomas;90630000;370;40;25.10.2025
Christoph;69110000;322;66;25.10.2025
Dominik;80970000;303;50;25.10.2025
Andreas;66950000;299;50;25.10.2025
Alfons;67330000;298;42;25.10.2025
Christian;40090000;237;32;25.10.2025
Nico;47130000;226;56;25.10.2025
Pascal;42760000;196;37;25.10.2025
Thomas;78960000;370;40;26.10.2025
Christoph;70760000;322;66;26.10.2025
Dominik;81580000;303;50;26.10.2025
Andreas;66810000;299;50;26.10.2025
Alfons;64710000;298;42;26.10.2025
Christian;39910000;237;32;26.10.2025
Nico;46360000;226;56;26.10.2025
Pascal;43080000;196;37;26.10.2025
Thomas;90400000;412;42;27.10.2025
Christoph;74240000;392;70;27.10.2025
Dominik;93490000;354;51;27.10.2025
Andreas;66090000;347;48;27.10.2025
Alfons;65850000;340;42;27.10.2025
Christian;40750000;286;49;27.10.2025
Nico;47420000;271;45;27.10.2025
Pascal;43660000;225;29;27.10.2025
Thomas;89420000;412;42;28.10.2025
Christoph;73470000;392;70;28.10.2025
Dominik;93710000;354;51;28.10.2025
Andreas;66560000;347;48;28.10.2025
Alfons;78960000;340;42;28.10.2025
Christian;41220000;286;49;28.10.2025
Nico;47950000;271;45;28.10.2025
Pascal;44420000;225;29;28.10.2025
Thomas;92080000;412;42;29.10.2025
Christoph;73870000;392;70;29.10.2025
Dominik;95400000;354;51;29.10.2025
Andreas;66150000;347;48;29.10.2025
Alfons;83370000;340;42;29.10.2025
Christian;42100000;286;49;29.10.2025
Nico;47240000;271;45;29.10.2025
Pascal;44820000;225;29;29.10.2025
Thomas;91000000;412;42;30.10.2025
Christoph;73780000;392;70;30.10.2025
Dominik;82930000;354;51;30.10.2025
Andreas;64140000;347;48;30.10.2025
Alfons;74380000;340;42;30.10.2025
Christian;42810000;286;49;30.10.2025
Nico;45340000;271;45;30.10.2025
Pascal;44750000;225;29;30.10.2025
Thomas;88710000;412;42;31.10.2025
Christoph;71690000;392;70;31.10.2025
Dominik;79730000;354;51;31.10.2025
Andreas;63500000;347;48;31.10.2025
Alfons;70070000;340;42;31.10.2025
Christian;42830000;286;49;31.10.2025
Nico;46960000;271;45;31.10.2025
Pascal;44250000;225;29;31.10.2025
Thomas;90690000;412;42;01.11.2025
Christoph;70850000;392;70;01.11.2025
Dominik;76210000;354;51;01.11.2025
Andreas;64400000;347;48;01.11.2025
Alfons;66760000;340;42;01.11.2025
Christian;45680000;286;49;01.11.2025
Nico;51150000;271;45;01.11.2025
Pascal;44180000;225;29;01.11.2025
Thomas;89920000;412;42;02.11.2025
Christoph;69950000;392;70;02.11.2025
Dominik;77050000;354;51;02.11.2025
Andreas;64710000;347;48;02.11.2025
Alfons;65780000;340;42;02.11.2025
Christian;45660000;286;49;02.11.2025
Nico;48390000;271;45;02.11.2025
Pascal;46020000;225;29;02.11.2025
Thomas;88330000;458;46;03.11.2025
Christoph;71090000;435;43;03.11.2025
Andreas;67060000;416;69;03.11.2025
Dominik;80060000;389;35;03.11.2025
Alfons;67090000;382;42;03.11.2025
Christian;46480000;317;31;03.11.2025
Nico;48390000;295;24;03.11.2025
Pascal;46910000;274;49;03.11.2025
Thomas;87450000;458;46;04.11.2025
Christoph;69970000;435;43;04.11.2025
Andreas;67520000;416;69;04.11.2025
Dominik;77790000;389;35;04.11.2025
Alfons;79100000;382;42;04.11.2025
Christian;46600000;317;31;04.11.2025
Nico;47960000;295;24;04.11.2025
Pascal;46880000;274;49;04.11.2025
Thomas;86300000;458;46;05.11.2025
Christoph;70220000;435;43;05.11.2025
Andreas;69140000;416;69;05.11.2025
Dominik;77800000;389;35;05.11.2025
Alfons;76460000;382;42;05.11.2025
Christian;45460000;317;31;05.11.2025
Nico;47870000;295;24;05.11.2025
Pascal;47460000;274;49;05.11.2025
Thomas;99720000;458;46;06.11.2025
Christoph;75720000;435;43;06.11.2025
Andreas;69180000;416;69;06.11.2025
Dominik;77510000;389;35;06.11.2025
Alfons;76140000;382;42;06.11.2025
Christian;43820000;317;31;06.11.2025
Nico;49630000;295;24;06.11.2025
Pascal;51830000;274;49;06.11.2025
Thomas;93670000;458;46;07.11.2025
Christoph;74530000;435;43;07.11.2025
Andreas;68560000;416;69;07.11.2025
Dominik;77310000;389;35;07.11.2025
Alfons;69340000;382;42;07.11.2025
Christian;43630000;317;31;07.11.2025
Nico;47970000;295;24;07.11.2025
Pascal;50780000;274;49;07.11.2025
Thomas;94360000;458;46;08.11.2025
Christoph;81260000;435;43;08.11.2025
Andreas;69720000;416;69;08.11.2025
Dominik;69300000;389;35;08.11.2025
Alfons;72460000;382;42;08.11.2025
Christian;44100000;317;31;08.11.2025
Nico;47110000;295;24;08.11.2025
Pascal;51580000;274;49;08.11.2025
Thomas;98050000;458;46;09.11.2025
Christoph;74110000;435;43;09.11.2025
Andreas;73510000;416;69;09.11.2025
Dominik;72100000;389;35;09.11.2025
Alfons;73010000;382;42;09.11.2025
Christian;42780000;317;31;09.11.2025
Nico;46230000;295;24;09.11.2025
Pascal;50400000;274;49;09.11.2025
Thomas;113690000;522;64;10.11.2025
Christoph;72800000;461;26;10.11.2025
Dominik;73600000;449;60;10.11.2025
Andreas;74450000;446;30;10.11.2025
Alfons;72810000;418;36;10.11.2025
Christian;42270000;344;27;10.11.2025
Nico;46440000;338;43;10.11.2025
Pascal;51100000;308;34;10.11.2025
Thomas;120040000;522;64;11.11.2025
Christoph;72450000;461;26;11.11.2025
Dominik;73170000;449;60;11.11.2025
Andreas;77420000;446;30;11.11.2025
Alfons;67370000;418;36;11.11.2025
Christian;41290000;344;27;11.11.2025
Nico;43150000;338;43;11.11.2025
Pascal;50550000;308;34;11.11.2025
Thomas;121110000;522;64;12.11.2025
Christoph;65850000;461;26;12.11.2025
Dominik;73720000;449;60;12.11.2025
Andreas;76510000;446;30;12.11.2025
Alfons;68090000;418;36;12.11.2025
Christian;40480000;344;27;12.11.2025
Nico;47140000;338;43;12.11.2025
Pascal;51100000;308;34;12.11.2025
Thomas;131800000;522;64;13.11.2025
Christoph;71210000;461;26;13.11.2025
Dominik;74600000;449;60;13.11.2025
Andreas;76020000;446;30;13.11.2025
Alfons;68230000;418;36;13.11.2025
Christian;40660000;344;27;13.11.2025
Nico;50020000;338;43;13.11.2025
Pascal;51680000;308;34;13.11.2025
Thomas;128740000;522;64;14.11.2025
Christoph;69050000;461;26;14.11.2025
Dominik;72900000;449;60;14.11.2025
Andreas;73560000;446;30;14.11.2025
Alfons;73680000;418;36;14.11.2025
Christian;39500000;344;27;14.11.2025
Nico;49760000;338;43;14.11.2025
Pascal;51100000;308;34;14.11.2025
Thomas;99530000;522;64;15.11.2025
Christoph;67930000;461;26;15.11.2025
Dominik;74550000;449;60;15.11.2025
Andreas;81870000;446;30;15.11.2025
Alfons;77470000;418;36;15.11.2025
Christian;38830000;344;27;15.11.2025
Nico;50160000;338;43;15.11.2025
Pascal;50830000;308;34;15.11.2025
Thomas;104610000;522;64;16.11.2025
Christoph;68090000;461;26;16.11.2025
Dominik;77320000;449;60;16.11.2025
Andreas;78700000;446;30;16.11.2025
Alfons;79420000;418;36;16.11.2025
Christian;38220000;344;27;16.11.2025
Nico;49270000;338;43;16.11.2025
Pascal;49710000;308;34;16.11.2025
Thomas;106690000;522;64;17.11.2025
Christoph;68540000;461;26;17.11.2025
Dominik;77170000;449;60;17.11.2025
Andreas;78250000;446;30;17.11.2025
Alfons;83760000;418;36;17.11.2025
Christian;37800000;344;27;17.11.2025
Nico;49380000;338;43;17.11.2025
Pascal;49180000;308;34;17.11.2025
Thomas;101350000;522;64;18.11.2025
Christoph;69570000;461;26;18.11.2025
Dominik;75470000;449;60;18.11.2025
Andreas;78550000;446;30;18.11.2025
Alfons;78770000;418;36;18.11.2025
Christian;37290000;344;27;18.11.2025
Nico;48430000;338;43;18.11.2025
Pascal;49220000;308;34;18.11.2025
Thomas;103020000;522;64;19.11.2025
Christoph;69490000;461;26;19.11.2025
Dominik;77800000;449;60;19.11.2025
Andreas;79080000;446;30;19.11.2025
Alfons;85930000;418;36;19.11.2025
Christian;37610000;344;27;19.11.2025
Nico;47070000;338;43;19.11.2025
Pascal;49670000;308;34;19.11.2025
Thomas;94050000;522;64;20.11.2025
Christoph;66360000;461;26;20.11.2025
Dominik;85540000;449;60;20.11.2025
Andreas;73340000;446;30;20.11.2025
Alfons;80500000;418;36;20.11.2025
Christian;36660000;344;27;20.11.2025
Nico;45000000;338;43;20.11.2025
Pascal;48390000;308;34;20.11.2025
Thomas;95670000;522;64;21.11.2025
Christoph;63790000;461;26;21.11.2025
Dominik;86110000;449;60;21.11.2025
Andreas;61980000;446;30;21.11.2025
Alfons;65070000;418;36;21.11.2025
Christian;36460000;344;27;21.11.2025
Nico;44810000;338;43;21.11.2025
Pascal;46190000;308;34;21.11.2025
Thomas;97510000;522;64;22.11.2025
Christoph;64710000;461;26;22.11.2025
Dominik;73880000;449;60;22.11.2025
Andreas;62660000;446;30;22.11.2025
Alfons;65720000;418;36;22.11.2025
Christian;36740000;344;27;22.11.2025
Nico;44710000;338;43;22.11.2025
Pascal;47090000;308;34;22.11.2025
Thomas;103620000;570;48;23.11.2025
Christoph;63370000;507;46;23.11.2025
Andreas;60500000;491;45;23.11.2025
Dominik;71590000;476;27;23.11.2025
Alfons;66990000;459;41;23.11.2025
Nico;45530000;395;57;23.11.2025
Christian;36330000;379;35;23.11.2025
Pascal;47020000;339;31;23.11.2025
Thomas;104700000;570;48;24.11.2025
Christoph;63190000;507;46;24.11.2025
Andreas;60700000;491;45;24.11.2025
Dominik;70990000;476;27;24.11.2025
Alfons;67650000;459;41;24.11.2025
Nico;46710000;395;57;24.11.2025
Christian;36930000;379;35;24.11.2025
Pascal;47430000;339;31;24.11.2025
Thomas;101110000;570;48;25.11.2025
Christoph;63160000;507;46;25.11.2025
Andreas;58410000;491;45;25.11.2025
Dominik;68240000;476;27;25.11.2025
Alfons;73950000;459;41;25.11.2025
Nico;46980000;395;57;25.11.2025
Christian;36580000;379;35;25.11.2025
Pascal;46650000;339;31;25.11.2025
Thomas;91440000;570;48;26.11.2025
Christoph;63470000;507;46;26.11.2025
Andreas;58250000;491;45;26.11.2025
Dominik;68380000;476;27;26.11.2025
Alfons;74230000;459;41;26.11.2025
Nico;46390000;395;57;26.11.2025
Christian;36230000;379;35;26.11.2025
Pascal;46260000;339;31;26.11.2025
Thomas;90250000;570;48;27.11.2025
Christoph;62770000;507;46;27.11.2025
Andreas;57440000;491;45;27.11.2025
Dominik;66630000;476;27;27.11.2025
Alfons;84230000;459;41;27.11.2025
Nico;47330000;395;57;27.11.2025
Christian;35740000;379;35;27.11.2025
Pascal;45220000;339;31;27.11.2025
Thomas;93290000;570;48;28.11.2025
Christoph;64130000;507;46;28.11.2025
Andreas;58280000;491;45;28.11.2025
Dominik;74510000;476;27;28.11.2025
Alfons;68190000;459;41;28.11.2025
Nico;47000000;395;57;28.11.2025
Christian;36700000;379;35;28.11.2025
Pascal;45110000;339;31;28.11.2025
Thomas;93880000;570;48;29.11.2025
Christoph;65200000;507;46;29.11.2025
Andreas;58420000;491;45;29.11.2025
Dominik;78240000;476;27;29.11.2025
Alfons;69610000;459;41;29.11.2025
Nico;46080000;395;57;29.11.2025
Christian;36650000;379;35;29.11.2025
Pascal;44880000;339;31;29.11.2025
Thomas;89700000;570;48;30.11.2025
Christoph;59640000;507;46;30.11.2025
Andreas;59480000;491;45;30.11.2025
Dominik;73890000;476;27;30.11.2025
Alfons;85880000;459;41;30.11.2025
Nico;47190000;395;57;30.11.2025
Christian;37960000;379;35;30.11.2025
Pascal;46160000;339;31;30.11.2025
Thomas;90740000;610;40;01.12.2025
Christoph;59130000;557;50;01.12.2025
Dominik;74800000;535;59;01.12.2025
Alfons;76800000;515;56;01.12.2025
Andreas;59940000;506;15;01.12.2025
Nico;48150000;444;49;01.12.2025
Christian;38690000;438;59;01.12.2025
Pascal;46300000;375;36;01.12.2025
Thomas;91380000;610;40;02.12.2025
Christoph;69180000;557;50;02.12.2025
Dominik;76560000;535;59;02.12.2025
Alfons;77780000;515;56;02.12.2025
Andreas;60800000;506;15;02.12.2025
Nico;48610000;444;49;02.12.2025
Christian;38620000;438;59;02.12.2025
Pascal;47400000;375;36;02.12.2025
Thomas;91470000;610;40;03.12.2025
Christoph;69390000;557;50;03.12.2025
Dominik;77740000;535;59;03.12.2025
Alfons;78250000;515;56;03.12.2025
Andreas;60440000;506;15;03.12.2025
Nico;49090000;444;49;03.12.2025
Christian;39040000;438;59;03.12.2025
Pascal;47620000;375;36;03.12.2025
Thomas;91240000;610;40;04.12.2025
Christoph;71160000;557;50;04.12.2025
Dominik;81090000;535;59;04.12.2025
Alfons;79820000;515;56;04.12.2025
Andreas;60670000;506;15;04.12.2025
Nico;49430000;444;49;04.12.2025
Christian;39290000;438;59;04.12.2025
Pascal;47560000;375;36;04.12.2025
Thomas;90750000;610;40;05.12.2025
Christoph;72460000;557;50;05.12.2025
Dominik;88770000;535;59;05.12.2025
Alfons;68910000;515;56;05.12.2025
Andreas;59330000;506;15;05.12.2025
Nico;47810000;444;49;05.12.2025
Christian;38710000;438;59;05.12.2025
Pascal;47720000;375;36;05.12.2025
Thomas;91400000;610;40;06.12.2025
Christoph;73950000;557;50;06.12.2025
Dominik;85710000;535;59;06.12.2025
Alfons;72500000;515;56;06.12.2025
Andreas;61060000;506;15;06.12.2025
Nico;48160000;444;49;06.12.2025
Christian;38990000;438;59;06.12.2025
Pascal;48680000;375;36;06.12.2025
Thomas;94240000;610;40;07.12.2025
Christoph;74880000;557;50;07.12.2025
Dominik;83850000;535;59;07.12.2025
Alfons;76000000;515;56;07.12.2025
Andreas;61030000;506;15;07.12.2025
Nico;47150000;444;49;07.12.2025
Christian;38520000;438;59;07.12.2025
Pascal;49630000;375;36;07.12.2025
Thomas;94870000;688;78;08.12.2025
Christoph;74750000;621;64;08.12.2025
Dominik;83230000;593;58;08.12.2025
Alfons;74980000;557;42;08.12.2025
Andreas;61070000;553;47;08.12.2025
Nico;47560000;481;37;08.12.2025
Christian;39100000;474;36;08.12.2025
Pascal;49950000;401;26;08.12.2025
Thomas;96100000;688;78;09.12.2025
Christoph;66950000;621;64;09.12.2025
Dominik;88440000;593;58;09.12.2025
Alfons;75750000;557;42;09.12.2025
Andreas;61500000;553;47;09.12.2025
Nico;48170000;481;37;09.12.2025
Christian;39530000;474;36;09.12.2025
Pascal;51300000;401;26;09.12.2025
Thomas;99990000;688;78;10.12.2025
Christoph;66510000;621;64;10.12.2025
Dominik;81210000;593;58;10.12.2025
Alfons;77190000;557;42;10.12.2025
Andreas;60980000;553;47;10.12.2025
Nico;52890000;481;37;10.12.2025
Christian;40420000;474;36;10.12.2025
Pascal;50950000;401;26;10.12.2025
