key;first_seen
b3231be6e5c50d21c9e3f48d4276a7329ee34a12;01.10.2025 16:54
0ee1ab9c48b4d010fc3e93fbf968ad08b32c7b4b;01.10.2025 16:54
3f37c8acadc299ced397693cba9f7b5d894fa7a8;01.10.2025 16:54
9ff003102d8d83f90b0ee96730105372410622bc;01.10.2025 16:54
e5474136c7323d5fecfbe4dd8cfcccd068f62fb2;01.10.2025 16:54
e3835d536bdc2dbd293177e249680aada85a40eb;01.10.2025 16:54
2d40b6beb9563e40c8b2aa9eda244da3b12035f9;01.10.2025 16:54
177e86b043d9594367ae59e7fc38881fc9b0e672;01.10.2025 16:54
50846c08f9242c62a1c3603534e8fa7b6659dec5;01.10.2025 16:54
528d483dffe8ce1d463822ee2a0dd44adad1b9a6;01.10.2025 16:54
ee421b163a200ce71ec2abc6d7272f83e1540266;01.10.2025 16:54
fb519d0acc595949b675950f1a6a239278d5359a;01.10.2025 16:54
24a7a2cf5f1b28210e380db4ef5ce43e2aa8b27e;01.10.2025 16:54
aaa9380da7a07b558493948d2e3826084a54d1c9;01.10.2025 16:54
9164b3a81244f6be2cfa5ee455bd40c47ce1ee08;01.10.2025 16:54
00cc8f53d60b6c81be387a8e2d260dab8b229347;01.10.2025 16:54
6c82ceeb5a17fc2526c4aa28d44315ec7ab1510b;01.10.2025 16:54
585151596a5da65b2861aff9559ec0709ed56057;01.10.2025 16:54
30a0e6f3bd6353c346f4a33304dea246d1499d08;01.10.2025 16:54
2684cfee636b673072ad39cb8192b4226cf54986;01.10.2025 16:54
5449e1f475933f9582cf36265f9669425823f5e4;01.10.2025 16:54
05abcf61fa492f8e0e2ed09e7e027ef313321282;01.10.2025 16:54
9c6c13b47e1dccb7342e49ff87a70600e1897960;01.10.2025 16:54
49068378b5c933dc8410c551df656d0c7c62fbfc;01.10.2025 16:54
7671299a52434ed0383cffbf9304c3353bd4e2f5;01.10.2025 16:54
242616518a097248c10dcf97ceb7afdcc1023517;01.10.2025 16:54
46639c96f42ec8a7303728aff4bf155b9d7f6abd;01.10.2025 16:54
ecedb5ebbd01d39b91d288333f7a4c6d93240ed1;01.10.2025 16:54
4779ef5704c76101f1c2cd9641b5dd0ac5014643;01.10.2025 16:54
0bf5652813d5f58b88281a029f3ea0eeed3661ec;01.10.2025 16:54
ea9c8244e017cc70008842e33bec988cab1944b4;01.10.2025 16:54
d15dc18190472fe2023fbb93cdab7f910fff6985;01.10.2025 16:54
a1995a55c5f13c77b9d2716030cc7ab1d493aaf5;01.10.2025 16:54
4becacda1aeea86be276b1d560f4c96103cba22c;01.10.2025 16:54
6bbe227461ced102f064834cbd1c6603b080d028;01.10.2025 16:54
85660f92d83dc7bb1b38f70cfc7c1840dbc2d785;01.10.2025 16:54
ab0f99b54944100c17d55ac9bdee5f0165ae38ca;01.10.2025 16:54
7fd7c9a4a8b016d478af5f316a0d6ed339c98f19;01.10.2025 16:54
d77c7f8943c87a9ebae98bd3802e95b951edee41;01.10.2025 16:54
0a0ff4f94edf83e75ddaa8029556024a67a00f52;01.10.2025 16:54
18631a8ea374b65484a82e4e19d5d2784f321235;01.10.2025 16:54
b7a1f08f3d8169bc94d7498740eba49dd73b59cb;01.10.2025 16:54
c9871f8960651d21f1c1da201365ae1e39e14aab;01.10.2025 16:54
73b22b49c696098d4cdb10e3012d019a2607ef40;01.10.2025 16:54
83aa771f17678f56b88d7ed12c32b838cee7baf4;01.10.2025 16:54
dd3328e03ea34b832af2a9bafc1cc6429c30d4ec;01.10.2025 16:54
1a91f68a80057977da73e8126efa8f4a3f6175dc;01.10.2025 16:54
6061a49d34c8f057fb95fd029f269434a01c8781;01.10.2025 16:54
e638e4304f3a35e4ffa64538e51b21ae6c2063b4;01.10.2025 16:54
8d0fc3921c08d7a576677d578f2c1bf2eff2790b;01.10.2025 16:54
7645118bcb54075855fbdb26f2e67d95bcb3c412;01.10.2025 16:54
3886d255f31bd9c6bf00b11cec25d4b92980d34f;01.10.2025 16:54
613ad9107a927124554fa420e37918af29fd4b19;01.10.2025 16:54
73a59183a36acb34321a8f0984c3741be98d62d0;01.10.2025 16:54
ec4329a19f42772f88280090cec0ad79d03f3537;01.10.2025 16:54
9480d9646f5d7b8cfc2c5b1084d6d5c760dd274f;01.10.2025 16:54
88ded1268127f3c17d452f9970dd33ab2cbb453b;01.10.2025 16:54
a17db933be1139de2c5bae6e8396a03d22b97d6b;01.10.2025 16:54
7666b60c6f310e887908d432c41083b272c2550e;01.10.2025 16:54
57e66eb206c03bd105aea3f7f7e36cb3ee27e6e6;01.10.2025 16:54
3cb1aa1cda912321bd782bea6a9cea770a5126e4;01.10.2025 16:54
b62abab35de4207efc4dca54f36e041682e7fb5b;01.10.2025 16:54
52128049a63568fdafcd3fa4a54de6cf71ec9c40;01.10.2025 16:54
756ef6b17076110401bcb943e0cb592891fc31d9;01.10.2025 16:54
a20185ed0d263bfc68f70518ea32ada5c8e7e574;01.10.2025 16:54
94bd6e5875837ba1c4a99e7a1d751263c0d6cfe2;01.10.2025 16:54
c587f04ad93d4a6ae04b1ff13d9c39bab759f73a;01.10.2025 16:54
bd103fab6b81c6ebb8ce6953464c0f3f9effc327;01.10.2025 16:54
4f9e7972d42755cde60afee744bfdb963a140fb0;01.10.2025 16:54
2d81b6224ee15b384a64246227c05ae67ca7a8c1;01.10.2025 16:54
015fdf128800e01bcdfe6e095e273d64a02d4c75;01.10.2025 16:54
5fda7497cd903ec32e8b2ed511706755a032ae17;01.10.2025 16:54
bbcf9ae214cf137c3c1154c27d077995c8e436ea;01.10.2025 16:54
ffd7267414f423edc004b4e9ccc210008b010f19;01.10.2025 16:54
164a74b45686b1b7ecd6c346051284b7b89e1c56;01.10.2025 16:54
98d9999b4f2c993c3dd22630d92615da56e577b8;01.10.2025 16:54
8434b804e17b3e892d11997881879fdef50d111f;01.10.2025 16:54
78c1453f7e60d9e01c95bb2a3ddf1014b86ebfbe;01.10.2025 16:54
3ddbaa83eadd67c17446c6aa2adedb1772324584;01.10.2025 16:54
64a2e447b604b9bf86a710f3fc56ab24e6aa1709;01.10.2025 16:54
45b67038c40b2b1ca1bc860942046b206e2d27f2;01.10.2025 16:54
c9d386bdcae2ca255211417d8267ce8257ca4c5e;01.10.2025 16:54
0a87170897f712a8459977563c375561db5adc6f;01.10.2025 16:54
779c987c6e710ccb73bd7a031b4227f8124478bf;01.10.2025 16:54
a15d37feb87e5cceb9699c2caf75257b924e2fd6;01.10.2025 16:54
63124c7ce45a45fb42d2d2182713ad8d6162de03;01.10.2025 16:54
ce0f0ac2342c30911baa731ca9fbe63dba9f138e;01.10.2025 16:54
098b6061bb57306f571f8a3bf6c86f3d96ae9f1b;01.10.2025 16:54
4b9aeb1dc5fdf2cbb38e58e84fa9b7de99d4ccf2;01.10.2025 16:54
db64ee433bd382f47ea77c0e1b26a4664a191c20;01.10.2025 16:54
01e83c35f687aa66fade5855e31d3ed702cb744b;01.10.2025 16:54
09a9d36b1931789b089023a249c853ef05fe3a48;01.10.2025 16:54
3ad287e8b4812c6ada5e3b925524520dbe0a21ae;01.10.2025 16:54
a7f338981c11ebbbf99e234073c225f2314e91ba;01.10.2025 16:54
d0783d5df2a5b71c06410f1cfc421188bfee5512;01.10.2025 16:54
32428d00f2b7506058937ec0dccedb365a476bb6;01.10.2025 16:54
672d40008d4c776916d90f5302ee5ad215df46c2;01.10.2025 16:54
af09d4d67369478bf2d328783507ba6e743ea5ac;01.10.2025 16:54
3f2ca028bd9d8b1f49fcc47fbb0de6f362d482ed;01.10.2025 16:54
034a5e45389475c15342b778f700ea9c7f459685;01.10.2025 16:54
9cccb311e8a1b81a4f9926d2c7352f8102383db8;01.10.2025 16:54
0eac90ba366e218551a3bd6deb27cbe010af94d5;01.10.2025 16:54
66fd25692b9e36c35bfaa61253925ea8eee31968;01.10.2025 16:54
6908e7dd550a8d26554fe2be3952059c22d56554;01.10.2025 16:54
06bb9bd9b010e8bc36f00b0f9b83de92e4f85aea;01.10.2025 16:54
0666cc811f203e4cc8c2f6a28693cb0b17ad538e;01.10.2025 16:54
cd8d915857c8ebeab421cd242cf680d8f2f55ed3;01.10.2025 16:54
f633a4a1984adb64b92e9e4d5ad5acf492f40561;01.10.2025 16:54
ee79133984051fde389bf07dd2e97bd71e33cb1d;01.10.2025 16:54
1d25bdce105cb15fad66b08ac60ab89911df50df;01.10.2025 16:54
24a954707dd71ca50564e76b0a528f35f23ce581;01.10.2025 16:54
91b36cd4eb860dc199f635c39c035feb1f8e2dbd;01.10.2025 16:54
e5c3370c5d2bca2ac5dbebb86ed74ad28ab5ce6b;01.10.2025 16:54
dd07736f9b9e36ae528348ab54baa5a0adb38d16;01.10.2025 16:54
8e71d9ea3c82e2d89b06e86e265a892aa071f280;01.10.2025 16:54
f91148e8ef0dc072060871434fa745fee59c3699;01.10.2025 16:54
775517bc1541476905db7e3e0b955233c1fc919d;01.10.2025 16:54
ab36fb5b93af647ba37a2ec72c1bfefd9f22dbce;01.10.2025 16:54
334b4f03524cae585a231d1dff322d06ebc48edd;01.10.2025 16:54
7c47055ab569f0c72df8eb31408e4b05378ec87d;01.10.2025 16:54
e29ac6e9f90960d7c8cf6a967aa7cf015886f506;01.10.2025 16:54
94ff043f5eee6687f399c02aa0620302817af8bd;01.10.2025 16:54
c2e82c256d112d33a803a07ae4c4687b6c1e622b;01.10.2025 16:54
e5d2b27069b3d2fbff01a5842c18c5ee9a18d6f3;01.10.2025 16:54
ad1eaebb924bc5035bd86403b1f2cec45e5a2f34;01.10.2025 16:54
053f6f911861d3bb1d7a9de94ad4269b11ca0d92;01.10.2025 16:54
cb20952932e05eaef6b2384be9e9e00db9afd79e;01.10.2025 16:54
f3e7dd86dddc7169120a79876b074eb7c4127000;01.10.2025 16:54
fdca0edf958f02484639be48eb171e59da4a2181;01.10.2025 16:54
8565f453bbb940688a04c2e6c6d06f72e09f061c;01.10.2025 16:54
6872cbdc722d325d8b25bd89344ab396e001713a;01.10.2025 16:54
b2ab384f3faa97a581a81e55fe86aef5e8b834d6;01.10.2025 16:54
e17e68c577760c4957f7391c0567f4875b75edfb;01.10.2025 16:54
92378d390ff899e944b533c58ee57ce87e004b84;01.10.2025 16:54
8ab2d2c8052b234a1a9feb291072f1233df826cd;01.10.2025 16:54
a7a7e4a6ecee9b2715556eacc8ecd580b9889280;01.10.2025 16:54
f55a3474aed3700e043e668a5eea59c85b4d3df8;01.10.2025 16:54
146996ce742348ebb89a538b5289aa8c2b0a8e44;01.10.2025 16:54
57ab333c9b58bf262847b88644e7738db22111b8;01.10.2025 16:54
f4604f5f2043bbe7eaf0f683aef84f5dfa1b2ffd;01.10.2025 16:54
958530ec5dad571512a669ad935604a30f24a55e;01.10.2025 16:54
87d1466d3bd690dc2f960e5753176c7f12112d18;01.10.2025 16:54
604757a0d1b2e9fab3a5a554c738a942385867d7;01.10.2025 16:54
4eef96f7f0f18db82ca48567c5241c5be172c796;01.10.2025 16:54
f36aa9202e2064cd186e64cc482ab345ab1d5c3b;01.10.2025 16:54
4feb0d524fa6b7ac6ee7eef71e61705712abbe85;01.10.2025 16:54
6da2e448229fb81fa57db6daa8a1a0adf57695e6;01.10.2025 16:54
62dbd30ecfd631a0b7e0109ade707b2fff86f626;01.10.2025 16:54
3781fb1ad01cc1a04ecf777787809b0b62fcfabd;01.10.2025 16:54
24a1a463ea2101db52cd629b6c7eb40ddc69866c;01.10.2025 16:54
d0807131d4a3b91dc1be8bbfddd1cc0a42a298e0;01.10.2025 16:54
30f1d91f9d9c90bbea69f9df997db219cec071c8;01.10.2025 16:54
b9b05767de9c26803e389665aeac89a14f8b07a0;01.10.2025 16:54
c9bde0fee7d07959c06a09cead5b8d91ce0d79e3;01.10.2025 16:54
49594cfd55d18f8bb131f85f047a0f129fd5396a;01.10.2025 16:54
905ab58a88605d34f58eb66acdec6bf02c15d165;01.10.2025 16:54
4d865ea7558ee419c364036b461170387d6b01df;01.10.2025 16:54
e421d73929634d6a322d9bb6eb7e446d4fc51423;01.10.2025 16:54
2f13ff21f89b247cbf8277d6cea61bd0dd938193;01.10.2025 16:54
75836f9d755ca45b5ae8aa64731acf83dbd47ff7;01.10.2025 16:54
235fe125977e5ca0730db0ae9b75d2fce317bbb3;01.10.2025 16:54
d4053a0ef4c333249c64d85674c74b5048c1700c;01.10.2025 16:54
8a123406c108c0b561b14b53b257eaa4b123fd53;01.10.2025 16:54
c14d89a9fa6c7fb341b749f36e5215314d04b0dc;01.10.2025 16:54
3cc8deb38446fcabbef8f98b04351d0b04751277;01.10.2025 16:54
cb889b994ca605e9e7eeee4f6ed119a58cd8e17b;01.10.2025 16:54
30b54886b58ae5c0ed460e8019d1f371568e3631;01.10.2025 16:54
b19c9f020b33bc21249440368e4364bc744e0e35;01.10.2025 16:54
6c767aaeb5af68365499eb4062e80cdc4a3fab46;01.10.2025 16:54
cdac5640bbd223be1fd7bf7010fcc3793e97fdff;01.10.2025 16:54
564286644a2876a1d4789c8ea69bb747ecd282bb;01.10.2025 16:54
aa42ce454b8a8a607493206722e388c2fed6dd1f;01.10.2025 16:54
7e82df0a6b6736270cfbba287a2e0466048ad60a;01.10.2025 16:54
f367a12a14eba274c1ec3f1f5456d4ad4be0df8d;01.10.2025 16:54
63665c6131a9429d5c2a84d0758a783b7eb0852a;01.10.2025 16:54
74064bb10ddf0ad279324a68ff3eab858ce23882;01.10.2025 16:54
4b12f7a2fd15652ab952afc1ee23968e3c6ef498;01.10.2025 16:54
590673dfb4fb7080de6d7ad402a52778baf51267;01.10.2025 16:54
2a58f05375b308d0eb9deba9a865fcd7c6abfc8c;01.10.2025 16:54
e7ad201eb5c585ab61a18a7205464342c9a68372;01.10.2025 16:54
c703a4b93b8bab3f7e09dd1b7d8d706e71b80461;01.10.2025 16:54
e716470bcf9ac5d99eebedc8dc64cf23dab46593;01.10.2025 16:54
c7bbf53b05aececd0049851f2b4c2378e1dc7ece;01.10.2025 16:54
79ca93a53e597ef53268dc71546b8e0f81aaf0d3;01.10.2025 16:54
d8ea6507dea59963f63a6ea49cc012f6f31f1f92;01.10.2025 16:54
0c9bf32bcae0b864a4290a5cfeb19cc993bd546d;01.10.2025 16:54
0581929362a42c0e524ad72d977cf05a1e9e4506;01.10.2025 16:54
d4ba666917c698630e2d2b15a3e6d652be82b7d9;01.10.2025 16:54
508afaacad3adf7dc54ea2813175d3bd6cd3eb27;01.10.2025 16:54
208270b1879673ad4817b2876536f0bad08d211b;01.10.2025 16:54
15962a3c29677276989dc10fae8bb4510c1af7fd;01.10.2025 16:54
5a42bcf73c34e4b7119d619a3842fd2016eb1c20;01.10.2025 16:54
a2e23c44de11c50c35cc7871cd508d35edd8b1be;01.10.2025 16:54
c15db594015d89f30ea9bd55bc9eb082485de83c;01.10.2025 16:54
c3d32dcd33cdf0dd0676243070f6aa2f33f6f778;01.10.2025 16:54
2ce5b6eaa8581f0476811bb8d6cd5ae781cbd8e9;01.10.2025 16:54
5ef2d62059d8e975dcb0e7b21bc4b23fcac7f2db;01.10.2025 16:54
53c4655db96a659cffac6e4da125d0467319d6f4;01.10.2025 16:54
6b3f02125a721cf7147df2cf240fcd880a8dbe48;01.10.2025 16:54
79c3022609dfb36c0ff9f7dff3f244a54c499814;01.10.2025 16:54
74b3ccf9b14b2c4961ce2c62f9b42e20fbef407f;01.10.2025 16:54
fb5678083ce07a1826532313fd539740bbe197c9;01.10.2025 16:54
fbcd1d0e472ecac2cb4690a6f1fad58bc11cb2bb;01.10.2025 16:54
143d2516ee343a78d3132d799a72eeeb398c56e1;01.10.2025 16:54
a05d45336701de6fbae428626fa42726832266e6;01.10.2025 16:54
e4bdd030d02bc6f9ee28e3d314b99810e7acdd5a;01.10.2025 16:54
866ece3316022e66d690a7fe9a31cf09016dfad3;01.10.2025 16:54
800a9fdb21d827a3353073332a3975f6261ebcdc;01.10.2025 16:54
a87f3e0574643586d85a73be500f2391d1b32a3a;01.10.2025 16:54
90df50400cd23bc1614f83bee77bf3aec09fa75c;01.10.2025 16:54
7c3cc5900b5598e449f064cedd5b126a4ed42e29;01.10.2025 16:54
aee1b729818a09c21b535e34c1ab364ecc9bfc4d;01.10.2025 16:54
4821615897748edb7556433ad144d6db80d03880;01.10.2025 16:54
f4358f3415f9db4082b15016d4fab9f81f23e083;01.10.2025 16:54
91c268fa1898282c4ad944484b4ce070b018ed3b;01.10.2025 16:54
503b391cf1d4cb3524c9101b1e8019d1608410f0;01.10.2025 16:54
bb3b38bbfaefca90781077af388a198d41a586c2;01.10.2025 16:54
02e1374e4b920bd91bbed22910ee8a1245f1831a;01.10.2025 16:54
6b520e2cd98ed92dc67c7536afd4e40e1c98d157;01.10.2025 16:54
9762e69ecc20087ad468195054363b4343a0a80c;01.10.2025 16:54
41db7be2173c4d2715c4eec33a36e4fb7777e20e;01.10.2025 16:54
a54dea3e6cc86f43f7985a5fc2c2f86aa7313920;01.10.2025 16:54
f02eadec31312484129d8917514cac09cea9e0ee;01.10.2025 16:54
514df677b298aa7cf54dbad29161c4bed596c59a;01.10.2025 16:54
3fadce97b2c539f6b0168a8f9480756dfde65350;01.10.2025 16:54
746b2e266cecb8f7826add409d7d785a21a94b2e;01.10.2025 16:54
f46f167e9ff3a54c633667cf162dcc4c5098d2ee;01.10.2025 16:54
6bb0d1825c60d59c6405ba218bd59367b2729baf;01.10.2025 16:54
884c0f6a32520f76319f0e7eed8b48c2932ae31e;01.10.2025 16:54
e371ac5de020e3460bb3e9d755bda17384311470;01.10.2025 16:54
6d9b686d48fa3cf6bfb5872f2dd564fa27b60d0f;01.10.2025 16:54
73ab2a3fc92f89f4b6ca984dc20630d624267d70;01.10.2025 16:54
8c1510e0bba0d25702de8600fa9e2d2da6f29192;01.10.2025 16:54
63a9744322c037dec6556ef214fc7f39a4ec0ed9;01.10.2025 16:54
7b27640d06e14526dc0dd53fdc630e3bec507c10;01.10.2025 16:54
48a0562fb7308282910df3842eaee7a27319830a;01.10.2025 16:54
11b41ff9916ceb88adf128a26df380f8bb74b89b;01.10.2025 16:54
91d14b58e96cdf5215926a907939652eba65c01b;01.10.2025 16:54
16d9d60003bebee8959362f32bf8e0ef6752b372;01.10.2025 16:54
6695e3aa5b6b7eef7dc90693f22d3cbf95435cdf;01.10.2025 16:54
1b1d3baffa7ca69a4740016310f6220ecedff6f7;01.10.2025 16:54
1468428734cff638812c45639895b4d02becd5f3;01.10.2025 16:54
c7260aa2ba034a0ab198bfe2fcb122d17c1d7d31;01.10.2025 16:54
b432d3c95021e482292f1abc0f6fd4bc17c957ce;01.10.2025 16:54
4f0bb387d341d6c92e818ff51cd9fde654a429b8;01.10.2025 16:54
8356f1e74cf0daa02c3d953c06a618fecacfc453;01.10.2025 16:54
c6065b933e7305af1ec07ed9a5e47bc189f1f36a;01.10.2025 16:54
dca6c7f278a7fd2700eee92e35cf1dad19d773e1;01.10.2025 16:54
74d617920379729c64e6d3f510715bd8b7081cbf;01.10.2025 16:54
44484d1a2e3088f0504a3ffe29b71a07dc5b27af;01.10.2025 16:54
8a4e18a050be1dd0a3c1ad18cab4f3f0b403ca9a;01.10.2025 16:54
bcf80a891dc303780b1a506d06d112f1b3e26376;01.10.2025 16:54
abb4a11c8575432692fefda793b5e36933752717;01.10.2025 16:54
4def86257d526951696df3a0a6124b09e15cb0e0;01.10.2025 16:54
003f8e961ce3e0de17daa0f8270c08c549bb5257;01.10.2025 16:54
0b376591f9e05efde466a698952ff896998e3414;01.10.2025 16:54
e9f6cf233964199c3b883996fcab44c3286c0f78;01.10.2025 16:54
777130a9eac2db56d7051fb3e88e19719e3cad20;01.10.2025 16:54
f40a7f709a9d0e9afd3ee849f65b0d0b9898f675;01.10.2025 16:54
08a235402b5e4656d2e81756202effdb9eb4d17b;01.10.2025 16:54
c8a0816a96cdfa0d3d898c2a9a4cf2648981a495;01.10.2025 16:54
7fe177d6e2f3d0f46bfd26f7ce66bda0401d872e;01.10.2025 16:54
401ab2886828ab7df5c5f78c62582cc0f5b29887;01.10.2025 16:54
8d72b620653d0875d1e851e41cd3641c16e59bf5;01.10.2025 16:54
906556a90daed5837d9b99a348c06fe1eac93dfe;01.10.2025 16:54
f2c5e97127148fc8650c63b00fb24e1e825aa356;01.10.2025 16:54
e6553dbe0e66b016127a0726bf276e4f49b915d7;01.10.2025 16:54
61366d603a10371e1944f89ec1839b57c8268683;01.10.2025 16:54
5d4e3728ced7ef53447ae6fbd778d3e075163791;01.10.2025 16:54
16dfa25171ec4291f5f2aeaa6e499343db7e3be7;01.10.2025 16:54
e74bc324c6d3e377381c15268a6296a2f8137a68;01.10.2025 16:54
81a82add7e4bc17878b52c149269391e65f54f93;01.10.2025 16:54
ca6d3bba99cbc3e0585892d43e2bfdb83c637e91;01.10.2025 16:54
b3d2204ebcbab4e634da78ee98693e4c42cc659d;01.10.2025 16:54
09c247eecb9433f64b908bc3e903e9e776aa2fef;01.10.2025 16:54
645e7ac786b41f90f2b1d7b2e64902e81217e3e7;01.10.2025 16:54
955105f7302912b83577733df3f40dc09cdc3535;01.10.2025 16:54
bc74715b24ce45c012374f1f59ec9790e40ae923;01.10.2025 16:54
256b93a246d086224a7f497079d3138b0c2c3712;01.10.2025 16:54
5bb384aed2eec7eeb481c83b4fac3063dfe0d990;01.10.2025 16:54
bc6dc32c042c8a69fa0fede54f65cfc565093691;01.10.2025 16:54
11bf313d35414e1753885c30b1b23ce0df86604c;01.10.2025 16:54
3cd6950bf9c6b36f5167d58a101be913940668c7;01.10.2025 16:54
e5323fc1bcb3805b49c74fcb141dbf361f5381f4;01.10.2025 16:54
2025d4af47f63a26005db9737d388bf01c414205;01.10.2025 16:54
9782a1c1e068def5321dcbb7b6ef411f99c28047;01.10.2025 16:54
896edee0e907d87515865ea0d98944091785eccb;01.10.2025 16:54
7cf143968e3539f1b63e7691f53d87f101b88740;01.10.2025 16:54
d2e19511d1b67e32abbc35b6bfc3058badf6193c;01.10.2025 16:54
ca9db560266b8ef86e036b847c6546927f0c2350;01.10.2025 16:54
49593a71af7c37e0335dcd7093438291120805bb;01.10.2025 16:54
d49e3889a12c935055081724745608a92d3ab10f;01.10.2025 16:54
4c4f7c2d49a39ad60fbfae0345e626e4f4568f4c;01.10.2025 16:54
de00f7596f488c1775b6974a049a32942db8a993;01.10.2025 16:54
3495ccdf685867984a335c7b65edcc0db95304ac;01.10.2025 16:54
f626f923fbc7db515435db0d42ab38800a2d0b9e;01.10.2025 16:54
94ae3f5c3786fbb6bdf6889bf52850d50f52be4e;01.10.2025 16:54
7e8c8069b817719afe31ed020ae4233be3032c8f;01.10.2025 16:54
10bdbddfd6ef61588abc64aee2f6564591f9a844;01.10.2025 16:54
4f7d8a53bd56dd57e0d3faab11d79762426c4329;01.10.2025 16:54
17fcd87643fe4ec2902ed67b594d45e0d6886bb0;01.10.2025 16:54
9af446df9e4835a861faf3c45747030f8a38de5f;01.10.2025 16:54
2ee9474453ba05302911c0a2d8e2936e46b4a97e;01.10.2025 16:54
94dec7008f735a2db35b497dca72de189ef8e61f;01.10.2025 16:54
33d258e968360c8cf5ecbeb646f576439db22284;01.10.2025 16:54
cf11875bee4e32e8476ff8bc2725408ca8daa041;01.10.2025 16:54
14430469bdb713ec36e657f8e8e2751be22f3a84;01.10.2025 16:54
cad7c4e57135edfe14214a9ef69fd9ea7a847e4d;01.10.2025 16:54
89dce5d77841650c53667381c2c525a62c280edb;01.10.2025 16:54
11f3580f74a7d439918695252f850b3075807773;01.10.2025 16:54
1df75b3edcfd29026985868369896e28bf154d0c;01.10.2025 16:54
ea97fcb29fc99fa150b21070f4ac9d8975d32e3a;01.10.2025 16:54
b2f234355428e71ba9ac0d444187a60659210cdd;01.10.2025 16:54
4bbda2e347978388a822f2d973ef9b1a0d933609;01.10.2025 16:54
c609da31e1efddd3e7a256c4ff21325b6a1e222a;01.10.2025 16:54
01211d8c19c333c4aba4230709295fe60ab5f549;01.10.2025 16:54
75fe9b21683074b8e355de5fdaa45c1a75ebe7c0;01.10.2025 16:54
3e193484eaa9c038ea9a55b40100dc8f245bb10b;01.10.2025 16:54
ed6efda45b9e0f77781e0ef56830ac08d34d7e1c;01.10.2025 16:54
7793570ee3268c806d0faa7fa0c0656fd4452a3b;01.10.2025 16:54
4c0c3bae47123619db1c47d22df0e7e235c09469;01.10.2025 16:54
d04adf45417b4e65c1974de9402f75d48b39efcc;01.10.2025 16:54
d0bd5f5fc0bd73a2a83be808e4dc838daff43c31;01.10.2025 16:54
a6d7ce4ec553b0d64d21c9218bf860e48a70b93b;01.10.2025 16:54
a4ebeb0484f497a7d18012bc6a80260d9db76e13;01.10.2025 16:54
e12eae806d12f5effc3dff4e40540459d2b6c659;01.10.2025 16:54
23fbb3b83d9bfac62b989d690dd7c704fd482fd0;01.10.2025 16:54
f94b7c648ca700f932ab2b385ba9de470f3db9ff;01.10.2025 16:54
e224f12e68d551e92a3e8109fcd9be2fb5e57704;01.10.2025 16:54
30d46ce241c99c9a3a9e9cb809cd0eb9a1dd19ff;01.10.2025 16:54
3d2a810df6e0b7e20a1dd34dfb1bfeb4faeb3538;01.10.2025 16:54
6e0b41afbb4455792a2f7aac08e8c483df0a75ea;01.10.2025 16:54
4e8a657e2d8de6e5c7e122daec9ff2f601f0f7ee;01.10.2025 16:54
ec716ff93f5adf5da195d3e54664fe16f64ad323;01.10.2025 16:54
cfdce9d0e331d973ed646727e6975dcf03ae1baf;01.10.2025 16:54
a36c8e08d3d79a75a3f2f9277996a0340d82ce75;01.10.2025 16:54
3631fc0f163476eac704e96a2a6dd21b61d289f6;01.10.2025 16:54
05d6b46e4e684420686d23d3b39077820859c87d;01.10.2025 16:54
95be6e00dbba0aed330edf31f9f95fd5e8034b3a;01.10.2025 16:54
343f37d2b75a13d8eb87e2f5c0505d5e4e4aae0d;01.10.2025 16:54
521270c163c866caa5eb7cc962a136efaa329e98;01.10.2025 16:54
b7a0cd8dedfb9e0c9ea9cf8c70067536585781a1;01.10.2025 16:54
6366a12645ccdf040f44f48a71de31d9e24037df;01.10.2025 16:54
324d4336e0efd4718d945afe6ca4d056e142ce85;01.10.2025 16:54
4758819554db4e9c2b2932bd06ee0b429d87079d;01.10.2025 16:54
803196096f228b7a150f053dcbc82c8558902d83;01.10.2025 16:54
057e29075b7de36664e27c4ca7925f693fc8af16;01.10.2025 16:54
f2db61ec87d8b38ae07662aa7f67f0bd3b11e00e;01.10.2025 16:54
0971a5b62ea13e9b69de5270e76b01fadcee0bee;01.10.2025 16:54
0860d6c01d38c0d5d00cc78794fdba36594a74e2;01.10.2025 16:54
f57c0d886d0acdacf70f3df2819bdddd2ffff634;01.10.2025 16:54
55ba5b07ab52a931d939a31b9c49e506836622dd;01.10.2025 16:54
152f674c7b5375ffb6ea9d4c00077851ab445e99;01.10.2025 16:54
ee79e24ca64e0c0b812fc285886a72d7650a866a;01.10.2025 16:54
2b69a39cfafc376ed950a92de15277bfdde3cda2;01.10.2025 16:54
fd8fc0dd6f8032d7879cd9e4b27709f38e156c45;01.10.2025 16:54
b8b35b712720ec4241d4b3e78432e5e349914c21;01.10.2025 16:54
5dd4319831d93ea3e7496c055229ffc2625585ad;01.10.2025 16:54
5d3cf0cbf1475ef7693233ee7ec7f73e25f47f59;01.10.2025 16:54
f32831f0973fccb155ce093ac4682b1d839d00ed;01.10.2025 16:54
2876a19901b727b35c767b8a2ec044d696e77493;01.10.2025 16:54
09ef14fb388d2e76e305da584602868ebbaa165d;01.10.2025 16:54
6038690f568ca08a30d308591592f691ba275f45;01.10.2025 16:54
69fa8cba587c908e63d0e3520f544e8770ec3551;01.10.2025 16:54
4aba4974421791213b6138e59de99bfbcddb134d;01.10.2025 16:54
6a80f02f4664f2dbbfad291c6767b653e46c6c05;01.10.2025 16:54
1948350790d2a7821dea7323fe3ffae20f4a18a6;01.10.2025 16:54
95e94ccd3e69944a76e5f086620b88362bbcfc54;01.10.2025 16:54
126a966758ced2e0e75753d337ad5b37112838cd;01.10.2025 16:54
945d0df66d2bc306f1eb444d424c8419d020a61e;01.10.2025 16:54
c2fcf4ebb28cb21cf2556802a7d13756ade46a09;01.10.2025 16:54
82cbebe6ac2adcb040696f51e894d8fc9778deed;01.10.2025 16:54
af2dffdcad1935cb1d4f2bc1488af359f09c78a9;01.10.2025 16:54
ca690d3065de5cef7c6430f3546764bd66c03986;01.10.2025 16:54
091ecc6019d5d21da2c2ccc9ddb06a96d9030f37;01.10.2025 16:54
23398d1be9f99102ec7263c19936dc4ee0dd60e1;01.10.2025 16:54
b178066e04348ab09aa9d4f3a37fc853b2fc9973;01.10.2025 16:54
503912bfd00b317236b36bfbc713ff61e397fb5f;01.10.2025 16:54
18cb1d9a57d0ea71796c87762771ee8f71991262;01.10.2025 16:54
e4c7a7b20a4a8f5d0d680aeb7345f8776c06d4cf;01.10.2025 16:54
76c5a1ade0f1b57e3413ba12868a017d02bb2000;01.10.2025 16:54
ce8ed9a702184e92198037af994c81042a7e2970;01.10.2025 16:54
fed1bcf7b5bf8cd3faaae332c8a592b0d20d577b;01.10.2025 16:54
7b73b78f1bfa994f5d921d47d2d397f44775c143;01.10.2025 16:54
c25340e01cf76de1755f2d653700e98af769b965;01.10.2025 16:54
3de3492bd35892bb55f3b8de3438855cc502b6a1;01.10.2025 16:54
defa811be557e8c2fb3eec2a46d145dcca2bd363;01.10.2025 16:54
58fb2db7b21e38fdeab6d01bc1da1a2fafc7dae2;01.10.2025 16:54
eb343054c3842f423066ee0e11534f58188f0fb2;01.10.2025 16:54
ab44df1abb2d70eec841e12da62e5267d588a9a9;01.10.2025 16:54
ba44b865f688c63d45f374beb174d61c07d38217;01.10.2025 16:54
5093d2ff431d935fbb6cad59b154209686525e3e;01.10.2025 16:54
a196a60e01bc5118049e47313f91ad4c6746659c;01.10.2025 16:54
4d330def6ba17d914f0ba323d2cd81473becde86;01.10.2025 16:54
56acca817f4d0e22ecbf583e6966d5cf03861e51;01.10.2025 16:54
d4b8d02a4c59a687fb41f574df453246d67cd7b4;01.10.2025 16:54
9ab164d073d27be1f21cfdb7d06bf1228b98037b;01.10.2025 16:54
b5140e5b88378e5a86febd2b739edb116ab42b48;01.10.2025 16:54
d9e6c8c1c770ebfcd64df2e19b4ebcb084da2b2d;01.10.2025 16:54
2697328d37afdea85b3fb1c6715bb22b037726ad;01.10.2025 16:54
d746b7f855741e27730d66537fb007f3d2b9843e;01.10.2025 16:54
3b904729cc56cb9455bc70721b9e3443b99bd681;01.10.2025 16:54
cea67dd235e46b4e969ff8de872554265c8a2d2f;01.10.2025 16:54
56937834f5917979a8f9f128a691dc163bf0a0b1;01.10.2025 16:54
b5228c48c6d6aeeed9bb96588bed51032ee9ef38;01.10.2025 16:54
ae3fa0e7ff6d3c272f937a2abd90dc51027cc908;01.10.2025 16:54
e9ae698c408b9fa736888fc08566fb022e0fa912;01.10.2025 16:54
f4ccb187a3d05e13347ecf79b2cdc71b7c5cbe7d;01.10.2025 16:54
dcab6872a478a9874bfd2c6b61ce3d3c267c9288;01.10.2025 16:54
9e072754e0da771cf084f1a684d10297a0e9d8ef;01.10.2025 16:54
bcef85c8cf43aba2c0de89cd34c96e36fa0f6c73;01.10.2025 16:54
3cf2eb32f6f35a902d72bd10127d2811e15f5335;01.10.2025 16:54
f7ab7c5b5bab9099909b78dfb8a94f120399a970;01.10.2025 16:54
a4d9df5bed7ceada40686e5f1bb0afb4305e6360;01.10.2025 16:54
3e28f6705c950e02423e78c5b9920a24ca6a7665;01.10.2025 16:54
bb41f16e72b70dafbcba13899e2494f633e92079;01.10.2025 16:54
c8cc15e5a7084570483d94a558ee4f0bb315af43;01.10.2025 16:54
194c596b08567aab35021b6d853ef2b64ace04fb;01.10.2025 16:54
048657ac77960467562523c72ecb56fa121f16b9;01.10.2025 16:54
3d3418fd01bbf782acd1a892b062c4613e628e1d;01.10.2025 16:54
ec82598465b4df16b0337bfac4fdcbad1b32cfb2;01.10.2025 16:54
3e12422f2a50ffb1ae2ca77341a69ebbf9a96118;01.10.2025 16:54
9f16b2ef6b32b34c9f3205c4e3dbfaea7ade153a;01.10.2025 16:54
3e5fbdc4329cdc8c88ba526f2b58376ee89449e0;01.10.2025 16:54
ca7e4adc4c2e6efa8d56778382216b83fc48fb67;01.10.2025 16:54
6ac32758e64354566dbcf5193eca7269574347b4;01.10.2025 16:54
b140a528dea4146e9cfdaabdce4193e26862a2e4;01.10.2025 16:54
4d222fe69f1982a3f27ad25770116c5f4fa3d811;01.10.2025 16:54
33402987cf54c3c064c108ef90641aff535c15e1;01.10.2025 16:54
8e85f20eb57e54bb75d08f7a7eed23b5252c917a;01.10.2025 16:54
d8f884275cf60c333bdd079db4bda7e823e34dec;01.10.2025 16:54
25bcbee985e28539508bef85f233b879ea536b8b;01.10.2025 16:54
b0ecee4b35d6d928235c1343b280a3225de112a2;2025-10-01 17:11
d054264f88b359b03ed621ad923e3aeb042e4993;2025-10-01 22:30
8695eb0e337040819264b55c852a1f69804f9be0;2025-10-03 00:15
9f236be4e2da3bb4ef7968654e16ddfeffdefef7;2025-10-03 08:15
d2f1ec835a97aa96b6bec8af704c4ecd459c217e;2025-10-03 19:45
738374a2b9d12ab6ffbb58aadfced86ba6e2438c;2025-10-03 20:15
dd21eed5edd09d7d064288e195734f182a0b0b27;2025-10-03 20:15
4c8d679ef52f4fd4a674113b3e6a8a54524b5891;2025-10-03 20:15
f298ff571ab0bc5bcb159877016c8f5ed779cb9f;2025-10-03 20:15
b046c43d22384af36bebe6fcfb37502ca34625d7;2025-10-04 10:15
4b9c7d68728122b2745d89ec9d69d145f039d73f;2025-10-04 14:15
66a1884ec641f4c65f78d3f90de5d6173cf08842;2025-10-04 17:30
a14520bfa07fc62d98f2a7d32d7a18b8537512eb;2025-10-05 10:15
b55853afac5af1f1cb973d9c4e5dd209aa1971fc;2025-10-05 15:30
bf0c21b489f8b1dddbf606e51803b3340081f16c;2025-10-05 20:15
f1972a7dc0703b63dabb5b92f5c11efa18ed0b80;2025-10-05 23:30
bf51d0750178fa08659a1c5a8e878f867c676634;2025-10-06 00:15
d23d4c17e78355aba6fd92fdc15f1b8be8cb1ec9;2025-10-06 10:15
ea14bc9d730369ade3888c28b059cb706bd0cb0a;2025-10-06 22:15
31d7b7359d25bae70b5527d91254b608cfad6616;2025-10-06 22:15
cbe55fd6f6e213e726eb03aebb8da87e917bfff3;2025-10-07 02:00
cb612d618c07bf31d2141b0a1b84774407bef5a4;2025-10-07 02:00
d0bc14ee27b2026275146cc4cc9a669dac35fb55;2025-10-07 06:45
0dc5357326a9709e493cb1482c908020d04d6802;2025-10-07 06:45
346519eae3e541928266a3d741ceee7f60140260;2025-10-07 06:45
dbdd1dba54fbff5222f80c28b1e49a92feda3480;2025-10-07 10:45
ea2bb10bf04ac8cffb1f5281eab6b65d7e229727;2025-10-08 21:45
1f2de2ceb9a209805753ce0dd2fabd4b4b7099c8;2025-10-09 02:15
f342557bc9ca783102564e891f55902c99a7c8f4;2025-10-09 02:15
28151b3e4ca90f7971da171ae696ce3dce9e7c27;2025-10-09 08:15
41fdf379ba62e0bc9642cbdabdf0360472339ead;2025-10-09 09:45
e4b7c1d058f6a580b5c223b8aabcea055996994c;2025-10-09 09:45
3e2834ac7acc641b1258eb6a2ffca27cc38ef6d6;2025-10-09 09:45
997f48bbcfbf9329e312434cf164fe816a9ec037;2025-10-10 10:15
8c422d0e6ceec027bbacf340ab1e92c1a07ccde7;2025-10-12 15:45
83bfabb23bd52c11a44614f0f84db9a38f0cefec;2025-10-12 16:15
5256a4a3708e1bafcfe4aa19b0dd2101b5632fb4;2025-10-12 19:30
2b9cb1fa54d76ed96d7e51325e3a5b94141d006c;2025-10-12 23:45
72df01914c9dfccb6e69bef6d2329100be920c73;2025-10-12 23:45
5b37652f4e32c671b1538122d4d074cecdec8bde;2025-10-14 06:15
a2b7488ee37cc8613aa31b739df791a191f287bf;2025-10-14 22:45
f14d16c816e6dd4d15d851fb4b5b014d220154b8;2025-10-14 22:45
b1dd80580c9ea474707d87279ceeceb547448c60;2025-10-15 08:15
52373b7ca39e89331ed9c5f3e9ef1295d86bb930;2025-10-17 00:15
0c9f860fb63604ec412209fb003fd52162de55e5;2025-10-17 02:15
513b15144063ef2ef67c5c474c61d0b4b258d5e4;2025-10-17 08:15
4a7b6fb3b17d82d79957ebd95eb8652aa3279754;2025-10-17 10:15
0e8d05bfe14c1664318402969b412f2544d48833;2025-10-17 10:15
a43af9549cb044f2667da66b923e3e9830604aba;2025-10-17 10:15
dabaf51ed17e261a758b825748ede9bcb188c09b;2025-10-17 20:30
0b52552a5847aed25ea043000bd667a351e8168b;2025-10-18 02:15
0b89cec57b7d23b1f3edcc2c9a584a13672914d5;2025-10-18 19:30
a160a93041c979ee3cb156e7d4ad29389d0aa7c5;2025-10-18 21:45
845fc77c79cd1ed032d248067e3b18c6c5fee756;2025-10-18 22:15
74a29c1890fc0731cb948fd902efed90e8835de2;2025-10-18 22:15
7b2c83915a32ddcae393bb459641b9f6a9c57481;2025-10-19 07:30
6015c9d5b0625233000b9bc29657454d19c41467;2025-10-19 07:30
ac46ed6d70532e06d379fd4a39cb2b1b8d5c2597;2025-10-19 20:15
27f08ca3635e755ce168e6a963bea91854a0f4b4;2025-10-19 23:15
98e74935807e85122afb15ddf53e6ef0bfefbfab;2025-10-20 10:45
ec06a1e22cf2bf99851813042ce676a388ccfe90;2025-10-20 14:30
433cae4a0d570a8c4b97bcc3b3d13135eda05ada;2025-10-21 08:15
9091b1615aa5ed9eca04cabfbb9ab28154953af1;2025-10-21 08:15
7334e564eb04c2d4a6110de744cdb8ac19cd9d8c;2025-10-21 08:15
1075b2a63cc52c30a5dd3462cbe5bf0830515003;2025-10-21 10:15
5b2d7d2112843546bb05130008acfce776673b62;2025-10-21 10:15
032a096b9efef42535750e464ef0a27705c5daa5;2025-10-22 23:45
4e39df1e664797601a6e1a4df617e0c4cf4e29c2;2025-10-23 08:15
486c112eef0e0eb15ae3fc54c6d484b460f625ce;2025-10-23 08:15
57e9f4b76b8282b0245a6f1bfd45f70d13dfe1b2;2025-10-24 20:15
96a5850848f0043d10f55a5ac9e6b96c8f9c9109;2025-10-24 20:15
46bc59818a7f022f25936bf6250906d85e12a0c0;2025-10-25 19:45
f76ac78e92ae875e90cb8128b989093fc31d66de;2025-10-25 19:45
ef3df28e7bbb7c6329f0888c53295013188ababb;2025-10-25 22:15
e6d3d13a52cddc8e3375c365115c887acf6ba04c;2025-10-25 22:15
5b5efca3ce8f90d4aab53077ee388073cf6d20f0;2025-10-26 02:15
8981606df5ef4bb36c372defbb7050002b14343e;2025-10-26 02:15
2b466d428bf49e7cfeb01e6aec696117236b7dd8;2025-10-26 20:15
66134c9a9131c4f8a8ab3ffc8f1d65cb6f2de421;2025-10-27 18:30
311bf84e121ce4f8778707ce553be46da62a8388;2025-10-28 08:15
929c789d1c8afdf2a553f386f5f32c7356993f02;2025-10-28 10:15
6b4198e5a8364e63137492f5ce09bdc653e955e6;2025-10-30 06:15
687a57c8450de37a96b912a92e2101552f3c524c;2025-10-30 15:15
64ab9a372ad4dcec07cde5681acaec2136e29faf;2025-10-30 18:15
439b690f2a139d5be59282fc3837003403b19964;2025-10-30 18:15
e52ed5aa1a90ff835d76011ea90df0fe0ff81a8b;2025-10-31 18:15
bddc1285ab3c6c40faf6a08f204712ce982dd326;2025-10-31 18:15
0b9fe78bfa0bf3b89f37657689e3f990977605ba;2025-10-31 19:15
55bfee0929089044fa4997e9cc385fad65d0fe22;2025-10-31 20:15
38d2a648ebce42c0dc4a1d7dadc9505548e0b46d;2025-11-01 02:15
cf54e263e0c849c7adbe5d8a3710d1e131a534cd;2025-11-01 02:15
80a9396d203c297be23b04514e2b5c2c18098fbc;2025-11-01 17:15
78be24a6dcd7f91c4ba1a6d0aac2ee118b227dc4;2025-11-01 17:15
f23e312b2a2561c9ed030b22513abd045852effd;2025-11-01 17:30
2315e79bd0db6381d92845f64255c084853ae640;2025-11-02 09:45
dd8e673e91c26783311adaab796bc537f462c832;2025-11-02 14:45
f513fa2faf1bdd6c0a710f8b8f5b30f79413b616;2025-11-02 17:15
27ca40080b4268698932aabf6fc5c4f0251d293b;2025-11-02 22:15
d244d2589269cf35c2540ad775c1bbc71a7dc9ff;2025-11-03 08:00
bb24476ddc2a0d60a15806c49e5166f751ee02e8;2025-11-03 20:15
f7765f0c966c67a8eb9a3b7867630871d0abd510;2025-11-04 16:30
70b7250f285b5d3e52e0c906c7963cd3f05cdd86;2025-11-04 22:45
ab00dcf994dd6247b7b317bfbeae89672e608e60;2025-11-05 14:45
03968110211518f21709851a9bd0eb634668c2b2;2025-11-05 16:30
a91fa3bcf2a06c3c7021a281dd8ee6aea4ff9103;2025-11-05 18:30
63157b2e994fd555ba1880040c28f9797a95469f;2025-11-06 06:15
ffb68c883bb3dc8bcf0dd805ebde6043c0fc092b;2025-11-07 10:15
546d3d40c74960ce6289ffb83080ac9cbf994181;2025-11-07 16:30
e18c729e195e3c948afbdd66e2157f5429145de4;2025-11-07 16:30
be83f871279be87c6069b171e3ab38db8b625d1c;2025-11-07 19:45
7f02cfd6c04b2a411f48fa5572ba9f05cec1b086;2025-11-07 19:45
d1d8aeebd9b30261e22423d863d0b02ff892b6d1;2025-11-07 19:45
a68e0f04d4bbf521bb3d3e07b56c782bbd6a32cc;2025-11-08 16:45
b174c2ad27a828f84ebdcdceb2875213d8646ac3;2025-11-08 19:15
d645cbcee60696b5806d3c804291735baeaba4ed;2025-11-09 21:30
5505161ebc88e2c887e8aca4dc895b6954db8df0;2025-11-09 21:45
2bf1b498e56ae3fd523f9c991766bb8baeeb49e1;2025-11-10 22:45
47b6ff417515962d41ab13ffdd430a9dbb77036c;2025-11-10 23:30
6fad87d6b5fb192ba6091af8707bdea7ada8caa2;2025-11-11 10:15
f70eee5cab4f390d7ffc4d796910b1c9abc4c542;2025-11-11 10:30
1ba2d8a2056e60bdf42bce4b5ca18c52d7463889;2025-11-11 10:30
8bcbaa6946d3339fa9938e507ffb6aa6871872ea;2025-11-11 10:30
208aebe2ab0302d91f50de2447df944ca5f95dce;2025-11-11 21:45
e20b8931cac79ca20c4bddcad3e943c814db5e57;2025-11-11 23:45
3ca841abe5cdcc571a43e99d3accc83f796924ac;2025-11-12 22:15
d4272c3b7f3a0bdf30b57fd56e14e2c1e43d44a4;2025-11-12 22:15
e955ad201e4650c28ce253d1a08c7bcf7569616f;2025-11-13 06:45
c6e72689f79c353c908de46fa2545b1dc666caeb;2025-11-15 22:15
1f0fc9e05e1e35651f5248c187bbd5385a8b9e5f;2025-11-15 22:15
3bd0696c5688fa2b7826a6d39b5eaf471e0bdda2;2025-11-15 22:15
d18483191914c006d097958e9ebed42b9e0738af;2025-11-16 22:15
8be8c9dc332568bf6f256cd28f6a3b434cf1b455;2025-11-18 20:15
9bff7dc77be82d0a89aa9bc240321f95bbee3d56;2025-11-18 20:15
2d8806a67b661291f6db2680dc493498daf9dd5e;2025-11-18 20:15
b86d10bf2b9c2c647704f034b06246dde2e745af;2025-11-18 21:45
060da3c69a328ad6f25cc2939783eb931c53cf48;2025-11-18 21:45
8e0e3eed6ec6e071e328abdfd9b5f2f346701b97;2025-11-18 21:45
3a2ac247ee606475c6e26ba30114bc6531757c44;2025-11-19 14:45
34e6ed005529dce0b82783f4d8e512e7fe4d9329;2025-11-20 08:15
e1ae20ba1f25aaf6da529d1f7001e2bb11da7b4e;2025-11-20 22:15
17d403a97e753b45c01cdb16a7328b5660c25540;2025-11-20 22:30
060655f2cd54d4f02c2cb58af170aca4d250b976;2025-11-21 10:15
93581faa9a4b2003b44ea3e695aa4732963f7fa0;2025-11-21 19:15
e37f14153c57e27f635c1d812495895aea5433b3;2025-11-21 19:15
6dd3e7493548a3aa0e0275b4bdddba38803c3465;2025-11-22 07:48
80fbef7e710fef44eadd01fba2658b65c2907a4b;2025-11-22 18:15
f2ecb4af39e2e601c167a9a1a2c9c91720b57d44;2025-11-22 18:15
880fc19e43333c9752368cdb0a7bbd4a860a6dfd;2025-11-22 18:15
b2835993b83a5827271651ef9042d3f0dcde3832;2025-11-22 21:30
3edd10f2cca1663f083787ea517bf522500916de;2025-11-23 21:45
d8ab4692d7b60482c6b8390d25ff9ad4027054ff;2025-11-24 07:15
7b0b9d4e82370af896144a63ff463567ddb737f4;2025-11-24 11:15
dbec011f5a2026349b6be182242091f77611f2b1;2025-11-24 17:15
24e961efb3359ed50752a8a20cd83a29f05e8e8c;2025-11-25 08:15
985641612e8f5002e166bce402249e0c5cbfa4d0;2025-11-25 18:15
e8a0927cf73d7514bf44881ee3d99e0a21a71a8a;2025-11-25 22:15
45d26268d54281a93a7cab44ee5cc162b1a7a472;2025-11-26 06:15
c72ef6d56ac56549d0cb93525f3d4b88f6e54470;2025-11-26 08:15
3ea359d4df3a30fe2cee4241a6b95d61cf0c7642;2025-11-26 19:45
9998d3df17cdf516f94b075e9b08a0bf5155d4fe;2025-11-27 05:45
4a7cddb99c39e77679348773613293e30b4ce13c;2025-11-28 06:30
a5ea65245f07f1361350d0f9e0be85dc1999df4d;2025-11-28 06:30
de127686f3758350058b79d8bfbe99ce0ebf7187;2025-11-28 12:15
550d17dff6a1a0aa05220e669d7bd0c8e5fefa0c;2025-11-28 20:15
37a1ba2965b2e4e661e1bf828d29bb8882c8573c;2025-11-28 20:15
4f1924c7d82972d7f836953ffa8581190619c33e;2025-11-30 07:30
077441b1a5b285847f6b4c4078cc7415c5a05c3f;2025-11-30 16:30
edda7d4544f0e9c4ac64481e2af550fa655ddef4;2025-11-30 17:30
b66930d47fd3fc869fd8eea1f8298202da7cc04f;2025-12-01 06:15
63575fbf5a70ffb311ae964045245471b68b6870;2025-12-01 08:15
2e36bc0789311ba068c58842df632ebdba03afac;2025-12-01 14:45
54ac43b0824c120f894f54f33a4e7f0c02540131;2025-12-01 23:45
ae87cdfdfd56351c07221c2d2a21ba1ec9d07200;2025-12-03 06:15
20b5a660a56aeaf8211213f6357ffbb12edf8b66;2025-12-04 07:15
e5a5e0ebd01f661b608872bfc4ab008eb13e8baa;2025-12-05 08:15
fc2b6c024c9f3b247dab0c37bf96e0ac81d755be;2025-12-05 20:30
444b25f59522423e3607e1fbafc3ba282ee585dd;2025-12-05 20:30
7015afa2262c8a7c11a6c0b93659c82a56110c9c;2025-12-05 20:30
08ec524461891deef63c8dd5d1e4b9bb7fff84be;2025-12-05 20:30
7684a109bed37d1fbae3bd96a809ecb7ecd0c309;2025-12-05 21:15
230ef83e8837340f5c7fdcb39b607d7a5a0a2004;2025-12-06 08:15
48ed9ae629e1a478e6bbc691e74da3818ea44b75;2025-12-06 08:15
35ae0f285f1e434d72c33e3a365a46b5871c7220;2025-12-07 20:15
f69a6e3b824ae2d0690b1649d8a6d1b92b6b6eb7;2025-12-09 18:30
e0c159669094916b4bfb35b4f715117d800c2a01;2025-12-10 23:00
0df4127ff615838353c18a2d2535379296f27bb3;2025-12-10 23:00
ac3a0763c5051cfe7231bd537e0ada9e2974c779;2025-12-11 20:45
c8d2ae4d2664f282432d2d6fa6d7ae6cc1d9fd40;2025-12-11 23:45
f2903fad177cbbd59705d8b91710bfa1e1403928;2025-12-12 20:15
f799040eae354c5f3f71c5948c715b851ebb60e2;2025-12-12 20:15
ad6bcdda1202332025532ad57a4f78aee71f15b2;2025-12-12 20:15
6ce8a25a5c28eebd5f5b2d8d2285d1160d336c19;2025-12-12 20:15
40f4b303524f227d69453738ad574e27719d9186;2025-12-12 20:15
03ce42ac44dac44e88b84b5ba0ed60b2f2fb8fd2;2025-12-12 20:15
dec9bb6cbc5b74eb33e11336089e17b0dd912e44;2025-12-13 08:15
762d2616a3a3a5b280a6310b12a86f511b52af4a;2025-12-13 08:15
9e8b3a0416723d1b2c56617092c363b33075a3c2;2025-12-14 11:30
9af7a064b7d93b8c6850a5ffd081fc3f839147c0;2025-12-14 11:30
52821db723b08fa624cb3e980536eb7324d47003;2025-12-14 15:30
6d8afa2710cbdc7f0b85c9d926ef0fb753198096;2025-12-14 15:45
d52199787d31d82922b0c085aa756f9c6058c78e;2025-12-14 19:15
f2d51aadc8f66a74be5c390cbed904a86c46943b;2025-12-14 21:30
5d7c75ca8c4e9ad58db27a2e26dda205da92daed;2025-12-15 08:15
9bf344ab9adbb97919620bac3d8bdd9210ba36eb;2025-12-15 08:15
049270e90a58e362d3971cb7a517a26e7f2f7f4f;2025-12-15 21:15
878837106421de9e54b818a765eeaddf1206c77c;2025-12-15 22:15
ea1eacfddbb0d7c4ecd84c843bdf9c2d70c3f9a4;2025-12-15 22:15
69aa6a4ac546aaa1fb1db4113674928a0a6f5612;2025-12-15 23:15
779bbe6f2df689b4781005f90417871eed93dd05;2025-12-16 06:15
6b4653b49be3f17a2c27e5b7ec72fc47c7977f4a;2025-12-16 08:15
f68b169a994bf1b19b3f31a3b1b7c247570aca11;2025-12-16 08:15
4a66a946a0f09bf4937be0cdbd9f1e292def4707;2025-12-16 19:30
